Year,Timestep,EcoregionName,EcoregionIndex,ppt,min_airtemp,max_airtemp,std_ppt,std_temp,winddirection,windspeed,ndeposition,min_relativehumidity,max_relativehumidity,co2,par,ozone,shortwave,FWI,
2099, 1, eco1, 0, 9.52, 2.98, 17.73, 9.62, 1.06, -99, 12.29, -99, -99, -99, -99, -99, -99, -99, 0, 
2099, 2, eco1, 0, 7.13, 0.3, 14.09, 4.15, 1.12, -99, 11.66, -99, -99, -99, -99, -99, -99, -99, 0, 
2099, 3, eco1, 0, 3.76, 6.18, 17.64, 3.59, 1.06, -99, 9.47, -99, -99, -99, -99, -99, -99, -99, 0, 
2099, 4, eco1, 0, 7.7, 4.52, 18.66, 7.39, 1.07, -99, 11.03, -99, -99, -99, -99, -99, -99, -99, 0, 
2099, 5, eco1, 0, 11.31, 11.96, 25.44, 67.08, 1.09, -99, 8.2, -99, -99, -99, -99, -99, -99, -99, 0, 
2099, 6, eco1, 0, 9.4, 19.45, 30.74, 40.33, 1.04, -99, 7.63, -99, -99, -99, -99, -99, -99, -99, 0, 
2099, 7, eco1, 0, 2.4, 20.4, 34.03, 16.15, 0.87, -99, 5.5, -99, -99, -99, -99, -99, -99, -99, 0, 
2099, 8, eco1, 0, 23.05, 21.92, 30.51, 271.84, 0.75, -99, 8.15, -99, -99, -99, -99, -99, -99, -99, 0, 
2099, 9, eco1, 0, 9.91, 20.83, 33.42, 32.54, 0.91, -99, 8.48, -99, -99, -99, -99, -99, -99, -99, 0, 
2099, 10, eco1, 0, 11.16, 16.01, 29.72, 20.65, 1, -99, 10.44, -99, -99, -99, -99, -99, -99, -99, 0, 
2099, 11, eco1, 0, 9.78, 10.68, 26.71, 10.82, 1.04, -99, 12.51, -99, -99, -99, -99, -99, -99, -99, 0, 
2099, 12, eco1, 0, 8.12, 4.96, 20.57, 13.15, 1.13, -99, 9.3, -99, -99, -99, -99, -99, -99, -99, 0, 
2098, 1, eco1, 0, 9.52, 2.98, 17.73, 9.62, 1.06, -99, 12.29, -99, -99, -99, -99, -99, -99, -99, 0, 
2098, 2, eco1, 0, 7.13, 0.3, 14.09, 4.15, 1.12, -99, 11.66, -99, -99, -99, -99, -99, -99, -99, 0, 
2098, 3, eco1, 0, 7.08, 0.44, 12.09, 3.68, 1.08, -99, 12.49, -99, -99, -99, -99, -99, -99, -99, 0, 
2098, 4, eco1, 0, 5.43, 4.71, 19.38, 10.55, 1.1, -99, 9.89, -99, -99, -99, -99, -99, -99, -99, 0, 
2098, 5, eco1, 0, 12.97, 10.91, 23.21, 29.78, 1.1, -99, 9.61, -99, -99, -99, -99, -99, -99, -99, 0, 
2098, 6, eco1, 0, 11.96, 17.76, 33.14, 99.62, 0.91, -99, 6.5, -99, -99, -99, -99, -99, -99, -99, 0, 
2098, 7, eco1, 0, 10.11, 21.14, 35.5, 35.02, 0.86, -99, 6.61, -99, -99, -99, -99, -99, -99, -99, 0, 
2098, 8, eco1, 0, 3.86, 20.72, 34.41, 11.79, 0.95, -99, 7.4, -99, -99, -99, -99, -99, -99, -99, 0, 
2098, 9, eco1, 0, 10.38, 20.82, 35.32, 23.39, 0.98, -99, 6.63, -99, -99, -99, -99, -99, -99, -99, 0, 
2098, 10, eco1, 0, 6.99, 14.46, 30.09, 19.37, 0.98, -99, 9.28, -99, -99, -99, -99, -99, -99, -99, 0, 
2098, 11, eco1, 0, 4.65, 10.92, 24.63, 2.13, 1.03, -99, 13.95, -99, -99, -99, -99, -99, -99, -99, 0, 
2098, 12, eco1, 0, 20.26, 4.82, 17.63, 28.89, 1.07, -99, 12.57, -99, -99, -99, -99, -99, -99, -99, 0, 
2097, 1, eco1, 0, 4.43, -0.98, 14.2, 3.38, 1.07, -99, 11.9, -99, -99, -99, -99, -99, -99, -99, 0, 
2097, 2, eco1, 0, 10.7, -3.1, 8.72, 14.85, 1.02, -99, 11.52, -99, -99, -99, -99, -99, -99, -99, 0, 
2097, 3, eco1, 0, 9, 2.66, 15.07, 7.48, 1.15, -99, 12.39, -99, -99, -99, -99, -99, -99, -99, 0, 
2097, 4, eco1, 0, 21.09, 5.04, 17.96, 106.64, 1.06, -99, 11.63, -99, -99, -99, -99, -99, -99, -99, 0, 
2097, 5, eco1, 0, 5.33, 13.29, 29.13, 8.24, 0.93, -99, 7.6, -99, -99, -99, -99, -99, -99, -99, 0, 
2097, 6, eco1, 0, 13.63, 16.07, 30.11, 96.08, 0.98, -99, 8.67, -99, -99, -99, -99, -99, -99, -99, 0, 
2097, 7, eco1, 0, 10.4, 22.58, 35.36, 59.12, 0.88, -99, 7.13, -99, -99, -99, -99, -99, -99, -99, 0, 
2097, 8, eco1, 0, 15.63, 22.18, 36.25, 42.72, 0.93, -99, 6.5, -99, -99, -99, -99, -99, -99, -99, 0, 
2097, 9, eco1, 0, 12.3, 19.53, 33.15, 68.84, 0.92, -99, 8.13, -99, -99, -99, -99, -99, -99, -99, 0, 
2097, 10, eco1, 0, 12.96, 15.04, 30.43, 35.72, 1.08, -99, 6.98, -99, -99, -99, -99, -99, -99, -99, 0, 
2097, 11, eco1, 0, 17.16, 10.54, 26.47, 133.68, 1.08, -99, 9.77, -99, -99, -99, -99, -99, -99, -99, 0, 
2097, 12, eco1, 0, 13.19, 8.23, 21.74, 21.76, 1.05, -99, 11.75, -99, -99, -99, -99, -99, -99, -99, 0, 
2096, 1, eco1, 0, 5.43, 3.95, 18.88, 22.99, 1.15, -99, 11.22, -99, -99, -99, -99, -99, -99, -99, 0, 
2096, 2, eco1, 0, 15.07, 0.48, 12.37, 13.4, 1.19, -99, 12.74, -99, -99, -99, -99, -99, -99, -99, 0, 
2096, 3, eco1, 0, 0.79, 0.31, 14.92, 0.4, 1.11, -99, 11.28, -99, -99, -99, -99, -99, -99, -99, 0, 
2096, 4, eco1, 0, 4.36, 5.68, 18.87, 4.35, 1.1, -99, 11.04, -99, -99, -99, -99, -99, -99, -99, 0, 
2096, 5, eco1, 0, 12.05, 16.62, 27.67, 11.87, 1.06, -99, 7.97, -99, -99, -99, -99, -99, -99, -99, 0, 
2096, 6, eco1, 0, 6.31, 20.14, 32.94, 15.73, 0.91, -99, 6.12, -99, -99, -99, -99, -99, -99, -99, 0, 
2096, 7, eco1, 0, 10.23, 21.92, 33.72, 22.25, 0.88, -99, 6.25, -99, -99, -99, -99, -99, -99, -99, 0, 
2096, 8, eco1, 0, 9.54, 22.45, 34.4, 28.86, 0.84, -99, 6.09, -99, -99, -99, -99, -99, -99, -99, 0, 
2096, 9, eco1, 0, 19.02, 19.43, 33.04, 76.3, 0.88, -99, 7.33, -99, -99, -99, -99, -99, -99, -99, 0, 
2096, 10, eco1, 0, 11.42, 15.79, 30.65, 23.55, 0.86, -99, 9.15, -99, -99, -99, -99, -99, -99, -99, 0, 
2096, 11, eco1, 0, 6.87, 11.15, 27.31, 20.35, 1.06, -99, 10.64, -99, -99, -99, -99, -99, -99, -99, 0, 
2096, 12, eco1, 0, 7.36, 3.09, 17.59, 6.82, 1.08, -99, 13.89, -99, -99, -99, -99, -99, -99, -99, 0, 
2095, 1, eco1, 0, 2.64, 1.24, 17.23, 1.94, 1.18, -99, 8.59, -99, -99, -99, -99, -99, -99, -99, 0, 
2095, 2, eco1, 0, 9.01, -1.57, 9.99, 17.39, 1.17, -99, 11.64, -99, -99, -99, -99, -99, -99, -99, 0, 
2095, 3, eco1, 0, 9.47, 3.68, 16.42, 20.21, 0.96, -99, 13.63, -99, -99, -99, -99, -99, -99, -99, 0, 
2095, 4, eco1, 0, 2.21, 4, 20.32, 4.06, 0.98, -99, 7.84, -99, -99, -99, -99, -99, -99, -99, 0, 
2095, 5, eco1, 0, 11.66, 7.29, 22.25, 33.51, 1.09, -99, 10.79, -99, -99, -99, -99, -99, -99, -99, 0, 
2095, 6, eco1, 0, 11.35, 19.08, 31.39, 46.89, 0.89, -99, 5.47, -99, -99, -99, -99, -99, -99, -99, 0, 
2095, 7, eco1, 0, 18.56, 22.09, 34.15, 143.15, 0.81, -99, 7.71, -99, -99, -99, -99, -99, -99, -99, 0, 
2095, 8, eco1, 0, 27.64, 22.72, 34.72, 135.4, 0.87, -99, 7.78, -99, -99, -99, -99, -99, -99, -99, 0, 
2095, 9, eco1, 0, 18.81, 19.76, 31.68, 129.36, 1, -99, 8.88, -99, -99, -99, -99, -99, -99, -99, 0, 
2095, 10, eco1, 0, 11.81, 12.7, 28.28, 45.02, 1.01, -99, 8.86, -99, -99, -99, -99, -99, -99, -99, 0, 
2095, 11, eco1, 0, 12.06, 13.95, 27.98, 15.3, 1.07, -99, 8.52, -99, -99, -99, -99, -99, -99, -99, 0, 
2095, 12, eco1, 0, 13.66, 9.49, 22.93, 37.18, 1.02, -99, 10.11, -99, -99, -99, -99, -99, -99, -99, 0, 
2094, 1, eco1, 0, 13.32, 4.23, 16.23, 25.73, 1.34, -99, 11.34, -99, -99, -99, -99, -99, -99, -99, 0, 
2094, 2, eco1, 0, 6.62, -2.68, 9.51, 4.88, 1.16, -99, 11.35, -99, -99, -99, -99, -99, -99, -99, 0, 
2094, 3, eco1, 0, 15.18, 3.52, 13.73, 25.58, 1.1, -99, 14.01, -99, -99, -99, -99, -99, -99, -99, 0, 
2094, 4, eco1, 0, 7.58, 6.31, 20.26, 7.05, 1.06, -99, 8.75, -99, -99, -99, -99, -99, -99, -99, 0, 
2094, 5, eco1, 0, 8.17, 12.35, 26.29, 5.28, 1.01, -99, 8.78, -99, -99, -99, -99, -99, -99, -99, 0, 
2094, 6, eco1, 0, 27.41, 19.22, 31.44, 176.17, 0.91, -99, 7.28, -99, -99, -99, -99, -99, -99, -99, 0, 
2094, 7, eco1, 0, 9.35, 21.87, 36.84, 82.67, 0.86, -99, 7.46, -99, -99, -99, -99, -99, -99, -99, 0, 
2094, 8, eco1, 0, 5.47, 23.35, 37.97, 69.2, 0.83, -99, 6.87, -99, -99, -99, -99, -99, -99, -99, 0, 
2094, 9, eco1, 0, 11.97, 20, 34.1, 35.05, 0.94, -99, 6.45, -99, -99, -99, -99, -99, -99, -99, 0, 
2094, 10, eco1, 0, 12.89, 16.1, 28.67, 44.19, 1.05, -99, 8.11, -99, -99, -99, -99, -99, -99, -99, 0, 
2094, 11, eco1, 0, 10.22, 10.41, 25.73, 22.66, 1.03, -99, 10.88, -99, -99, -99, -99, -99, -99, -99, 0, 
2094, 12, eco1, 0, 15.42, 6.51, 19.12, 18.09, 1.17, -99, 11.53, -99, -99, -99, -99, -99, -99, -99, 0, 
2093, 1, eco1, 0, 15.55, -2.23, 10.02, 43.83, 1.05, -99, 11.47, -99, -99, -99, -99, -99, -99, -99, 0, 
2093, 2, eco1, 0, 9.05, 1.25, 14.4, 16.59, 1.07, -99, 12.05, -99, -99, -99, -99, -99, -99, -99, 0, 
2093, 3, eco1, 0, 15.61, 3.8, 16.07, 33.35, 1.12, -99, 11.34, -99, -99, -99, -99, -99, -99, -99, 0, 
2093, 4, eco1, 0, 18, 9.44, 22.43, 49.86, 0.99, -99, 10.59, -99, -99, -99, -99, -99, -99, -99, 0, 
2093, 5, eco1, 0, 3.97, 9.35, 26.56, 6.15, 0.97, -99, 9.12, -99, -99, -99, -99, -99, -99, -99, 0, 
2093, 6, eco1, 0, 5.07, 17.54, 32.22, 11.23, 0.91, -99, 7.27, -99, -99, -99, -99, -99, -99, -99, 0, 
2093, 7, eco1, 0, 29.83, 20.83, 33.32, 59.77, 0.93, -99, 7.98, -99, -99, -99, -99, -99, -99, -99, 0, 
2093, 8, eco1, 0, 5.28, 21.93, 34.35, 17.8, 0.82, -99, 7.23, -99, -99, -99, -99, -99, -99, -99, 0, 
2093, 9, eco1, 0, 23.48, 20.54, 33.93, 150.85, 0.98, -99, 7.16, -99, -99, -99, -99, -99, -99, -99, 0, 
2093, 10, eco1, 0, 8.42, 16.07, 32.25, 10.84, 1.01, -99, 9.67, -99, -99, -99, -99, -99, -99, -99, 0, 
2093, 11, eco1, 0, 7.55, 8.17, 23.64, 6.99, 0.88, -99, 10.36, -99, -99, -99, -99, -99, -99, -99, 0, 
2093, 12, eco1, 0, 5.75, 4.73, 19.49, 8.92, 0.94, -99, 12.73, -99, -99, -99, -99, -99, -99, -99, 0, 
2092, 1, eco1, 0, 5.5, 1.36, 17.07, 3.81, 1.07, -99, 12.13, -99, -99, -99, -99, -99, -99, -99, 0, 
2092, 2, eco1, 0, 15.63, 1.26, 13.26, 9.46, 1.22, -99, 12.5, -99, -99, -99, -99, -99, -99, -99, 0, 
2092, 3, eco1, 0, 7.52, 3.79, 16.88, 3.45, 1.01, -99, 10.27, -99, -99, -99, -99, -99, -99, -99, 0, 
2092, 4, eco1, 0, 3.08, 5.27, 21.1, 1.74, 1.04, -99, 9.99, -99, -99, -99, -99, -99, -99, -99, 0, 
2092, 5, eco1, 0, 6.89, 13.05, 27.46, 86.42, 0.96, -99, 8, -99, -99, -99, -99, -99, -99, -99, 0, 
2092, 6, eco1, 0, 1.62, 17.46, 33.24, 14.46, 0.9, -99, 7.26, -99, -99, -99, -99, -99, -99, -99, 0, 
2092, 7, eco1, 0, 6.35, 22.4, 36.87, 53.49, 0.88, -99, 6.7, -99, -99, -99, -99, -99, -99, -99, 0, 
2092, 8, eco1, 0, 24.45, 23.43, 37.28, 242.15, 0.83, -99, 7.78, -99, -99, -99, -99, -99, -99, -99, 0, 
2092, 9, eco1, 0, 17.41, 20.89, 34.74, 44.47, 1.01, -99, 7.26, -99, -99, -99, -99, -99, -99, -99, 0, 
2092, 10, eco1, 0, 8.72, 16.07, 33.07, 49.19, 0.89, -99, 8.14, -99, -99, -99, -99, -99, -99, -99, 0, 
2092, 11, eco1, 0, 12.72, 14.07, 29.57, 12.56, 1.13, -99, 9.26, -99, -99, -99, -99, -99, -99, -99, 0, 
2092, 12, eco1, 0, 21.89, 7.75, 20.2, 47.9, 1.08, -99, 11.81, -99, -99, -99, -99, -99, -99, -99, 0, 
2091, 1, eco1, 0, 17.47, 6.07, 19.03, 31.21, 1.06, -99, 13.98, -99, -99, -99, -99, -99, -99, -99, 0, 
2091, 2, eco1, 0, 13.53, -0.26, 11.48, 17.88, 1.09, -99, 12.87, -99, -99, -99, -99, -99, -99, -99, 0, 
2091, 3, eco1, 0, 12.75, 2.46, 15.87, 188.02, 1.15, -99, 10.93, -99, -99, -99, -99, -99, -99, -99, 0, 
2091, 4, eco1, 0, 4.65, 4.51, 18.79, 17.27, 1.04, -99, 9.09, -99, -99, -99, -99, -99, -99, -99, 0, 
2091, 5, eco1, 0, 6.43, 11.99, 26.2, 4.6, 0.99, -99, 7.01, -99, -99, -99, -99, -99, -99, -99, 0, 
2091, 6, eco1, 0, 12.75, 17.57, 30.07, 190.2, 0.85, -99, 6.58, -99, -99, -99, -99, -99, -99, -99, 0, 
2091, 7, eco1, 0, 9.14, 21.67, 34.34, 69.44, 0.89, -99, 5.25, -99, -99, -99, -99, -99, -99, -99, 0, 
2091, 8, eco1, 0, 10.56, 22.4, 34, 33.44, 1, -99, 8.62, -99, -99, -99, -99, -99, -99, -99, 0, 
2091, 9, eco1, 0, 14.41, 20.32, 32.67, 117.58, 0.86, -99, 7.73, -99, -99, -99, -99, -99, -99, -99, 0, 
2091, 10, eco1, 0, 11.35, 15.94, 29.88, 23.32, 0.94, -99, 9, -99, -99, -99, -99, -99, -99, -99, 0, 
2091, 11, eco1, 0, 2.76, 9.73, 27.02, 3.08, 1, -99, 10.03, -99, -99, -99, -99, -99, -99, -99, 0, 
2091, 12, eco1, 0, 20.38, 3.87, 16.47, 38.2, 1.19, -99, 13.92, -99, -99, -99, -99, -99, -99, -99, 0, 
2090, 1, eco1, 0, 13.1, 2.07, 14.7, 38.89, 1.09, -99, 10.4, -99, -99, -99, -99, -99, -99, -99, 0, 
2090, 2, eco1, 0, 16.2, 3.55, 15.79, 20.09, 1.2, -99, 14, -99, -99, -99, -99, -99, -99, -99, 0, 
2090, 3, eco1, 0, 10.65, 1.6, 13.78, 17.87, 1.02, -99, 13.1, -99, -99, -99, -99, -99, -99, -99, 0, 
2090, 4, eco1, 0, 5.63, 5.18, 19.18, 25.01, 0.99, -99, 11.55, -99, -99, -99, -99, -99, -99, -99, 0, 
2090, 5, eco1, 0, 1.61, 9.92, 27.05, 4.51, 1.08, -99, 8.07, -99, -99, -99, -99, -99, -99, -99, 0, 
2090, 6, eco1, 0, 14.22, 16.73, 30.73, 101.82, 0.95, -99, 7.42, -99, -99, -99, -99, -99, -99, -99, 0, 
2090, 7, eco1, 0, 11.27, 22.25, 33.92, 270.45, 0.89, -99, 6.02, -99, -99, -99, -99, -99, -99, -99, 0, 
2090, 8, eco1, 0, 16.24, 22.96, 36.56, 158.06, 0.88, -99, 7.34, -99, -99, -99, -99, -99, -99, -99, 0, 
2090, 9, eco1, 0, 14.26, 18.82, 31.78, 106.3, 0.92, -99, 6.74, -99, -99, -99, -99, -99, -99, -99, 0, 
2090, 10, eco1, 0, 11.05, 15.91, 31.07, 15.92, 0.98, -99, 7.37, -99, -99, -99, -99, -99, -99, -99, 0, 
2090, 11, eco1, 0, 6.89, 10.09, 25.45, 6.12, 0.98, -99, 11.99, -99, -99, -99, -99, -99, -99, -99, 0, 
2090, 12, eco1, 0, 3.98, 4.78, 19.28, 13.31, 1.01, -99, 11.63, -99, -99, -99, -99, -99, -99, -99, 0, 
2089, 1, eco1, 0, 5.89, -1.74, 11.68, 5.51, 1.03, -99, 13.53, -99, -99, -99, -99, -99, -99, -99, 0, 
2089, 2, eco1, 0, 7.7, -1.75, 10.1, 9.01, 1.14, -99, 12.64, -99, -99, -99, -99, -99, -99, -99, 0, 
2089, 3, eco1, 0, 11.71, 4.21, 16.28, 9.68, 1.15, -99, 9.98, -99, -99, -99, -99, -99, -99, -99, 0, 
2089, 4, eco1, 0, 9.32, 4.06, 18.39, 5.75, 0.98, -99, 11.27, -99, -99, -99, -99, -99, -99, -99, 0, 
2089, 5, eco1, 0, 4.39, 10.07, 26.07, 17.14, 0.96, -99, 7.3, -99, -99, -99, -99, -99, -99, -99, 0, 
2089, 6, eco1, 0, 15.53, 18.08, 29.8, 47.82, 0.94, -99, 6.91, -99, -99, -99, -99, -99, -99, -99, 0, 
2089, 7, eco1, 0, 25.08, 21.56, 34.02, 209.11, 0.94, -99, 5.78, -99, -99, -99, -99, -99, -99, -99, 0, 
2089, 8, eco1, 0, 17.5, 22.29, 34.38, 72.21, 0.89, -99, 6.86, -99, -99, -99, -99, -99, -99, -99, 0, 
2089, 9, eco1, 0, 8.15, 21.35, 35.16, 22.28, 1.04, -99, 6.9, -99, -99, -99, -99, -99, -99, -99, 0, 
2089, 10, eco1, 0, 17.27, 16.8, 30.61, 40.03, 0.96, -99, 7.68, -99, -99, -99, -99, -99, -99, -99, 0, 
2089, 11, eco1, 0, 8.15, 12.94, 27.38, 9.37, 0.84, -99, 9.35, -99, -99, -99, -99, -99, -99, -99, 0, 
2089, 12, eco1, 0, 11.3, 4.43, 18.17, 14.36, 1.02, -99, 11.36, -99, -99, -99, -99, -99, -99, -99, 0, 
2088, 1, eco1, 0, 10.38, -0.65, 11.62, 61.78, 1.17, -99, 10.16, -99, -99, -99, -99, -99, -99, -99, 0, 
2088, 2, eco1, 0, 8.53, -1.35, 10.54, 8.12, 1.08, -99, 12.17, -99, -99, -99, -99, -99, -99, -99, 0, 
2088, 3, eco1, 0, 20.68, 5.6, 16.06, 63.75, 1.24, -99, 11.07, -99, -99, -99, -99, -99, -99, -99, 0, 
2088, 4, eco1, 0, 4.76, 6.07, 22.03, 3.11, 0.95, -99, 8.97, -99, -99, -99, -99, -99, -99, -99, 0, 
2088, 5, eco1, 0, 13.12, 13.44, 25.18, 98.94, 1.02, -99, 9.11, -99, -99, -99, -99, -99, -99, -99, 0, 
2088, 6, eco1, 0, 8.66, 21.59, 33.91, 18.07, 0.88, -99, 5.44, -99, -99, -99, -99, -99, -99, -99, 0, 
2088, 7, eco1, 0, 18.49, 20.95, 33.5, 59.39, 0.87, -99, 6.72, -99, -99, -99, -99, -99, -99, -99, 0, 
2088, 8, eco1, 0, 12.36, 21.32, 34.84, 25.63, 0.89, -99, 6.68, -99, -99, -99, -99, -99, -99, -99, 0, 
2088, 9, eco1, 0, 6.17, 19.16, 33.39, 16.83, 0.98, -99, 7.27, -99, -99, -99, -99, -99, -99, -99, 0, 
2088, 10, eco1, 0, 12.68, 14.44, 29.74, 21.44, 0.99, -99, 8.67, -99, -99, -99, -99, -99, -99, -99, 0, 
2088, 11, eco1, 0, 5.79, 10.13, 25.98, 6.28, 0.97, -99, 9.05, -99, -99, -99, -99, -99, -99, -99, 0, 
2088, 12, eco1, 0, 10.56, 7.06, 22.17, 14.25, 1.02, -99, 9.85, -99, -99, -99, -99, -99, -99, -99, 0, 
2087, 1, eco1, 0, 2.53, 2.87, 18.25, 1.28, 1.01, -99, 10.46, -99, -99, -99, -99, -99, -99, -99, 0, 
2087, 2, eco1, 0, 9.91, 1.05, 15.48, 13.92, 1.11, -99, 10.48, -99, -99, -99, -99, -99, -99, -99, 0, 
2087, 3, eco1, 0, 9.14, 0.6, 13.3, 9, 1.17, -99, 11.29, -99, -99, -99, -99, -99, -99, -99, 0, 
2087, 4, eco1, 0, 7.45, 8.7, 22.94, 24.58, 1.01, -99, 8.46, -99, -99, -99, -99, -99, -99, -99, 0, 
2087, 5, eco1, 0, 4.35, 9.58, 24.8, 4.05, 1.05, -99, 10.4, -99, -99, -99, -99, -99, -99, -99, 0, 
2087, 6, eco1, 0, 22.39, 17.65, 30.71, 596.01, 1.01, -99, 6.77, -99, -99, -99, -99, -99, -99, -99, 0, 
2087, 7, eco1, 0, 6.94, 21.9, 36.69, 38.69, 0.91, -99, 8.23, -99, -99, -99, -99, -99, -99, -99, 0, 
2087, 8, eco1, 0, 4.96, 21.33, 36.78, 69.93, 0.87, -99, 9.68, -99, -99, -99, -99, -99, -99, -99, 0, 
2087, 9, eco1, 0, 15.26, 20.02, 32.88, 76.24, 0.92, -99, 7.85, -99, -99, -99, -99, -99, -99, -99, 0, 
2087, 10, eco1, 0, 10.53, 13.52, 29.77, 88.5, 1.05, -99, 10.63, -99, -99, -99, -99, -99, -99, -99, 0, 
2087, 11, eco1, 0, 11.52, 10.2, 25, 32.89, 0.99, -99, 13.11, -99, -99, -99, -99, -99, -99, -99, 0, 
2087, 12, eco1, 0, 10.4, 4.78, 20.8, 8.74, 1.07, -99, 11.43, -99, -99, -99, -99, -99, -99, -99, 0, 
2086, 1, eco1, 0, 7.34, 3.95, 18.78, 13.75, 1.12, -99, 11.46, -99, -99, -99, -99, -99, -99, -99, 0, 
2086, 2, eco1, 0, 14.7, 2.56, 15, 12.19, 1.16, -99, 11.37, -99, -99, -99, -99, -99, -99, -99, 0, 
2086, 3, eco1, 0, 10.61, 4.11, 16.55, 42.61, 1.2, -99, 14.28, -99, -99, -99, -99, -99, -99, -99, 0, 
2086, 4, eco1, 0, 3.22, 5, 21, 5.89, 1.06, -99, 9.1, -99, -99, -99, -99, -99, -99, -99, 0, 
2086, 5, eco1, 0, 7.17, 10.2, 25.15, 11.58, 1.02, -99, 8.28, -99, -99, -99, -99, -99, -99, -99, 0, 
2086, 6, eco1, 0, 11.89, 19.76, 30.88, 86.61, 0.98, -99, 7.01, -99, -99, -99, -99, -99, -99, -99, 0, 
2086, 7, eco1, 0, 18.17, 21.59, 34.89, 129.74, 0.87, -99, 5.89, -99, -99, -99, -99, -99, -99, -99, 0, 
2086, 8, eco1, 0, 11.4, 23.46, 36.4, 46.94, 0.89, -99, 7.32, -99, -99, -99, -99, -99, -99, -99, 0, 
2086, 9, eco1, 0, 9.69, 20.71, 35.76, 24.7, 1.03, -99, 7.14, -99, -99, -99, -99, -99, -99, -99, 0, 
2086, 10, eco1, 0, 11.88, 15.04, 28.76, 41.38, 0.99, -99, 8.2, -99, -99, -99, -99, -99, -99, -99, 0, 
2086, 11, eco1, 0, 12.9, 11.35, 28.55, 27.35, 1.17, -99, 9.82, -99, -99, -99, -99, -99, -99, -99, 0, 
2086, 12, eco1, 0, 3.17, 10.65, 26.62, 12.9, 1.16, -99, 12.88, -99, -99, -99, -99, -99, -99, -99, 0, 
2085, 1, eco1, 0, 2.1, 6.75, 22.03, 0.94, 1.09, -99, 11.18, -99, -99, -99, -99, -99, -99, -99, 0, 
2085, 2, eco1, 0, 9.43, 1.58, 15.06, 12.41, 1.08, -99, 10.5, -99, -99, -99, -99, -99, -99, -99, 0, 
2085, 3, eco1, 0, 3.54, 5.06, 18.56, 4.64, 1.05, -99, 10.09, -99, -99, -99, -99, -99, -99, -99, 0, 
2085, 4, eco1, 0, 8.7, 10.17, 24.49, 9.38, 0.94, -99, 8.69, -99, -99, -99, -99, -99, -99, -99, 0, 
2085, 5, eco1, 0, 1.39, 8.18, 25.18, 2.21, 1.04, -99, 8.38, -99, -99, -99, -99, -99, -99, -99, 0, 
2085, 6, eco1, 0, 14.75, 18.04, 29.95, 23.07, 0.99, -99, 8.44, -99, -99, -99, -99, -99, -99, -99, 0, 
2085, 7, eco1, 0, 7.8, 22.55, 36.42, 24.59, 0.87, -99, 6.37, -99, -99, -99, -99, -99, -99, -99, 0, 
2085, 8, eco1, 0, 20.61, 21.75, 33.88, 570.03, 0.93, -99, 6.41, -99, -99, -99, -99, -99, -99, -99, 0, 
2085, 9, eco1, 0, 5.68, 19.74, 32.65, 13.35, 0.9, -99, 7.35, -99, -99, -99, -99, -99, -99, -99, 0, 
2085, 10, eco1, 0, 5.59, 16.01, 31.09, 17.2, 0.93, -99, 9.48, -99, -99, -99, -99, -99, -99, -99, 0, 
2085, 11, eco1, 0, 10.89, 10.12, 25.48, 12.49, 0.99, -99, 11.4, -99, -99, -99, -99, -99, -99, -99, 0, 
2085, 12, eco1, 0, 26.43, 3.51, 16.5, 103.98, 1.14, -99, 11.4, -99, -99, -99, -99, -99, -99, -99, 0, 
2084, 1, eco1, 0, 35.24, 1.97, 13.95, 91.83, 1.31, -99, 13.11, -99, -99, -99, -99, -99, -99, -99, 0, 
2084, 2, eco1, 0, 13.74, -0.2, 10.38, 25.98, 1.09, -99, 11.84, -99, -99, -99, -99, -99, -99, -99, 0, 
2084, 3, eco1, 0, 23.02, 5.31, 15.81, 61.31, 1.06, -99, 15.98, -99, -99, -99, -99, -99, -99, -99, 0, 
2084, 4, eco1, 0, 7.17, 2.23, 15.56, 20.1, 1.1, -99, 10.7, -99, -99, -99, -99, -99, -99, -99, 0, 
2084, 5, eco1, 0, 16.91, 11.33, 23.88, 90.56, 1.05, -99, 9.63, -99, -99, -99, -99, -99, -99, -99, 0, 
2084, 6, eco1, 0, 18.47, 17.46, 30.06, 328.71, 0.88, -99, 7.03, -99, -99, -99, -99, -99, -99, -99, 0, 
2084, 7, eco1, 0, 12.22, 19.2, 30.62, 42.49, 0.88, -99, 6.87, -99, -99, -99, -99, -99, -99, -99, 0, 
2084, 8, eco1, 0, 14.38, 21.83, 32.97, 42.77, 0.85, -99, 7.48, -99, -99, -99, -99, -99, -99, -99, 0, 
2084, 9, eco1, 0, 7.53, 19.04, 32.26, 61.03, 0.92, -99, 8.25, -99, -99, -99, -99, -99, -99, -99, 0, 
2084, 10, eco1, 0, 23.64, 17.36, 29.02, 77.95, 0.95, -99, 7.66, -99, -99, -99, -99, -99, -99, -99, 0, 
2084, 11, eco1, 0, 8.27, 10.62, 25.61, 13.45, 1.08, -99, 10.51, -99, -99, -99, -99, -99, -99, -99, 0, 
2084, 12, eco1, 0, 11.43, 3.15, 18.06, 20.06, 0.98, -99, 12.81, -99, -99, -99, -99, -99, -99, -99, 0, 
2083, 1, eco1, 0, 10.2, -0.36, 12.88, 8.66, 1.12, -99, 13.94, -99, -99, -99, -99, -99, -99, -99, 0, 
2083, 2, eco1, 0, 6.64, 2.81, 16.02, 23, 1.06, -99, 10.86, -99, -99, -99, -99, -99, -99, -99, 0, 
2083, 3, eco1, 0, 7.3, 7.46, 19.99, 15.64, 1.05, -99, 12.92, -99, -99, -99, -99, -99, -99, -99, 0, 
2083, 4, eco1, 0, 5.4, 2.15, 16.59, 5.51, 1.05, -99, 12.44, -99, -99, -99, -99, -99, -99, -99, 0, 
2083, 5, eco1, 0, 9.22, 9.62, 24.68, 21.12, 1.03, -99, 7.36, -99, -99, -99, -99, -99, -99, -99, 0, 
2083, 6, eco1, 0, 25.72, 19.14, 31.44, 828.25, 0.97, -99, 7.87, -99, -99, -99, -99, -99, -99, -99, 0, 
2083, 7, eco1, 0, 12.89, 20.99, 34.26, 48.25, 0.92, -99, 6.72, -99, -99, -99, -99, -99, -99, -99, 0, 
2083, 8, eco1, 0, 19.8, 22.72, 34.87, 54.01, 0.88, -99, 8.18, -99, -99, -99, -99, -99, -99, -99, 0, 
2083, 9, eco1, 0, 9.77, 20.88, 33.87, 27.59, 0.92, -99, 6.12, -99, -99, -99, -99, -99, -99, -99, 0, 
2083, 10, eco1, 0, 8.69, 15.52, 30.79, 10.09, 0.92, -99, 7.57, -99, -99, -99, -99, -99, -99, -99, 0, 
2083, 11, eco1, 0, 8.26, 8.61, 24.88, 13.72, 1.02, -99, 9.73, -99, -99, -99, -99, -99, -99, -99, 0, 
2083, 12, eco1, 0, 18.34, 5.28, 18.81, 107.27, 1.09, -99, 12.34, -99, -99, -99, -99, -99, -99, -99, 0, 
2082, 1, eco1, 0, 11.19, 3.2, 16.29, 47.3, 1.14, -99, 11.95, -99, -99, -99, -99, -99, -99, -99, 0, 
2082, 2, eco1, 0, 16.84, -1.74, 10.09, 49.63, 1.13, -99, 11.51, -99, -99, -99, -99, -99, -99, -99, 0, 
2082, 3, eco1, 0, 2.25, 1.36, 15.37, 3.7, 1.03, -99, 11.36, -99, -99, -99, -99, -99, -99, -99, 0, 
2082, 4, eco1, 0, 6.66, 8.74, 23.04, 33.27, 0.98, -99, 8.56, -99, -99, -99, -99, -99, -99, -99, 0, 
2082, 5, eco1, 0, 8.66, 13.68, 26.78, 45.93, 0.93, -99, 8.58, -99, -99, -99, -99, -99, -99, -99, 0, 
2082, 6, eco1, 0, 22.22, 18.14, 30.25, 72.78, 0.91, -99, 7.04, -99, -99, -99, -99, -99, -99, -99, 0, 
2082, 7, eco1, 0, 6, 20.02, 35.54, 43.06, 0.91, -99, 5.63, -99, -99, -99, -99, -99, -99, -99, 0, 
2082, 8, eco1, 0, 13.88, 21.37, 31.89, 103.42, 0.89, -99, 7.85, -99, -99, -99, -99, -99, -99, -99, 0, 
2082, 9, eco1, 0, 14.15, 21.09, 35.24, 41.68, 0.86, -99, 6.12, -99, -99, -99, -99, -99, -99, -99, 0, 
2082, 10, eco1, 0, 4.18, 15.46, 31.75, 12.72, 0.94, -99, 9.33, -99, -99, -99, -99, -99, -99, -99, 0, 
2082, 11, eco1, 0, 11.33, 10.45, 26.11, 17.52, 1.01, -99, 9.47, -99, -99, -99, -99, -99, -99, -99, 0, 
2082, 12, eco1, 0, 9.8, 4.21, 19.09, 5.7, 1.15, -99, 10.65, -99, -99, -99, -99, -99, -99, -99, 0, 
2081, 1, eco1, 0, 16.02, 2.18, 15.12, 11.13, 1.31, -99, 12.35, -99, -99, -99, -99, -99, -99, -99, 0, 
2081, 2, eco1, 0, 11.96, -4.32, 6.72, 24.92, 1.1, -99, 12.25, -99, -99, -99, -99, -99, -99, -99, 0, 
2081, 3, eco1, 0, 14.07, -1.18, 10.99, 49.65, 1.18, -99, 13.6, -99, -99, -99, -99, -99, -99, -99, 0, 
2081, 4, eco1, 0, 7.99, 3.83, 16.75, 9.05, 1.11, -99, 11.17, -99, -99, -99, -99, -99, -99, -99, 0, 
2081, 5, eco1, 0, 3.82, 8.36, 25.56, 9.23, 0.92, -99, 8.95, -99, -99, -99, -99, -99, -99, -99, 0, 
2081, 6, eco1, 0, 10.86, 19.5, 32.59, 43.02, 0.93, -99, 7.15, -99, -99, -99, -99, -99, -99, -99, 0, 
2081, 7, eco1, 0, 21.46, 20.93, 32.28, 193.4, 0.85, -99, 7.33, -99, -99, -99, -99, -99, -99, -99, 0, 
2081, 8, eco1, 0, 25.24, 22.09, 33.54, 210.59, 0.86, -99, 7.92, -99, -99, -99, -99, -99, -99, -99, 0, 
2081, 9, eco1, 0, 4.5, 18.65, 32.82, 15.98, 0.91, -99, 6.93, -99, -99, -99, -99, -99, -99, -99, 0, 
2081, 10, eco1, 0, 7.6, 15.76, 29.68, 21.61, 0.96, -99, 7.9, -99, -99, -99, -99, -99, -99, -99, 0, 
2081, 11, eco1, 0, 7.98, 10.3, 24.6, 9.58, 1.01, -99, 10.75, -99, -99, -99, -99, -99, -99, -99, 0, 
2081, 12, eco1, 0, 9.75, 4.21, 19.58, 26.98, 1.05, -99, 10.04, -99, -99, -99, -99, -99, -99, -99, 0, 
2080, 1, eco1, 0, 6.85, 1.33, 15.56, 8.01, 1.03, -99, 11.28, -99, -99, -99, -99, -99, -99, -99, 0, 
2080, 2, eco1, 0, 6.69, -3.31, 10.75, 8.17, 1.21, -99, 12.73, -99, -99, -99, -99, -99, -99, -99, 0, 
2080, 3, eco1, 0, 12, -0.35, 11.97, 28.88, 1.02, -99, 12.11, -99, -99, -99, -99, -99, -99, -99, 0, 
2080, 4, eco1, 0, 5.21, 5.19, 20.09, 5.65, 1.03, -99, 9.57, -99, -99, -99, -99, -99, -99, -99, 0, 
2080, 5, eco1, 0, 9.38, 9.65, 23.7, 39.89, 1.08, -99, 7.75, -99, -99, -99, -99, -99, -99, -99, 0, 
2080, 6, eco1, 0, 4.76, 16.46, 30.13, 13.61, 0.99, -99, 8.31, -99, -99, -99, -99, -99, -99, -99, 0, 
2080, 7, eco1, 0, 5.89, 21.84, 35.9, 30.85, 0.9, -99, 6.17, -99, -99, -99, -99, -99, -99, -99, 0, 
2080, 8, eco1, 0, 6.78, 21.71, 33.95, 21.79, 0.93, -99, 7.81, -99, -99, -99, -99, -99, -99, -99, 0, 
2080, 9, eco1, 0, 6.92, 20.31, 34.92, 14.5, 0.95, -99, 5.72, -99, -99, -99, -99, -99, -99, -99, 0, 
2080, 10, eco1, 0, 7.84, 16.33, 30.07, 9.07, 1, -99, 9.39, -99, -99, -99, -99, -99, -99, -99, 0, 
2080, 11, eco1, 0, 9.39, 9.21, 25.81, 14.41, 1.01, -99, 10.7, -99, -99, -99, -99, -99, -99, -99, 0, 
2080, 12, eco1, 0, 10.1, 7.58, 21.15, 12.04, 1.06, -99, 12.03, -99, -99, -99, -99, -99, -99, -99, 0, 
2079, 1, eco1, 0, 9.14, 0.88, 12.65, 23, 1.19, -99, 13.6, -99, -99, -99, -99, -99, -99, -99, 0, 
2079, 2, eco1, 0, 13.54, 6.02, 17.82, 12.1, 1.03, -99, 12.44, -99, -99, -99, -99, -99, -99, -99, 0, 
2079, 3, eco1, 0, 5.95, 4.88, 19.69, 3.01, 1.02, -99, 8.93, -99, -99, -99, -99, -99, -99, -99, 0, 
2079, 4, eco1, 0, 14.67, 9.26, 23.97, 216.93, 0.95, -99, 10.1, -99, -99, -99, -99, -99, -99, -99, 0, 
2079, 5, eco1, 0, 23.95, 17.24, 29.78, 423.18, 0.96, -99, 8.25, -99, -99, -99, -99, -99, -99, -99, 0, 
2079, 6, eco1, 0, 20.53, 20.92, 33.68, 299.62, 0.83, -99, 6.04, -99, -99, -99, -99, -99, -99, -99, 0, 
2079, 7, eco1, 0, 17.54, 22.61, 35.23, 258.82, 0.82, -99, 6.79, -99, -99, -99, -99, -99, -99, -99, 0, 
2079, 8, eco1, 0, 17.07, 22.96, 35.73, 264.54, 0.91, -99, 6.86, -99, -99, -99, -99, -99, -99, -99, 0, 
2079, 9, eco1, 0, 12.16, 13.96, 27.56, 31.26, 1.04, -99, 8.2, -99, -99, -99, -99, -99, -99, -99, 0, 
2079, 10, eco1, 0, 7.69, 9.55, 24.41, 5.77, 0.93, -99, 11.81, -99, -99, -99, -99, -99, -99, -99, 0, 
2079, 11, eco1, 0, 11.95, 3.74, 18.57, 29.3, 1.01, -99, 8.61, -99, -99, -99, -99, -99, -99, -99, 0, 
2079, 12, eco1, 0, 4.88, 0.11, 14.83, 3.56, 1.07, -99, 10.14, -99, -99, -99, -99, -99, -99, -99, 0, 
2078, 1, eco1, 0, 4.91, 1.96, 14.25, 5.23, 1.08, -99, 11.87, -99, -99, -99, -99, -99, -99, -99, 0, 
2078, 2, eco1, 0, 9.45, 4.94, 17.92, 8.03, 1.12, -99, 10.6, -99, -99, -99, -99, -99, -99, -99, 0, 
2078, 3, eco1, 0, 12.8, 10.78, 23.68, 25.78, 1.19, -99, 8.96, -99, -99, -99, -99, -99, -99, -99, 0, 
2078, 4, eco1, 0, 7.61, 13.59, 27.27, 11.53, 1, -99, 7.22, -99, -99, -99, -99, -99, -99, -99, 0, 
2078, 5, eco1, 0, 12.81, 19.33, 31.62, 97.99, 0.93, -99, 6.07, -99, -99, -99, -99, -99, -99, -99, 0, 
2078, 6, eco1, 0, 8.88, 22.05, 34.51, 30.37, 0.86, -99, 7.12, -99, -99, -99, -99, -99, -99, -99, 0, 
2078, 7, eco1, 0, 4.55, 21.2, 33.44, 12.44, 0.92, -99, 8.02, -99, -99, -99, -99, -99, -99, -99, 0, 
2078, 8, eco1, 0, 6.47, 17.84, 32.41, 34.19, 0.96, -99, 6.76, -99, -99, -99, -99, -99, -99, -99, 0, 
2078, 9, eco1, 0, 9.1, 15.16, 30.21, 11.84, 0.87, -99, 9.32, -99, -99, -99, -99, -99, -99, -99, 0, 
2078, 10, eco1, 0, 9.47, 11.9, 28.16, 46.07, 1.11, -99, 10.42, -99, -99, -99, -99, -99, -99, -99, 0, 
2078, 11, eco1, 0, 6.02, 4.04, 18.77, 5.23, 1.02, -99, 13.32, -99, -99, -99, -99, -99, -99, -99, 0, 
2078, 12, eco1, 0, 13.42, 0.38, 14.32, 8.62, 1.12, -99, 12.37, -99, -99, -99, -99, -99, -99, -99, 0, 
2077, 1, eco1, 0, 12.26, 2.26, 14.34, 4.81, 1.14, -99, 11.43, -99, -99, -99, -99, -99, -99, -99, 0, 
2077, 2, eco1, 0, 14, 7.07, 18.51, 9.67, 1.17, -99, 11.16, -99, -99, -99, -99, -99, -99, -99, 0, 
2077, 3, eco1, 0, 5.15, 3.09, 19.17, 6.57, 0.96, -99, 9.69, -99, -99, -99, -99, -99, -99, -99, 0, 
2077, 4, eco1, 0, 2.23, 8.23, 24.26, 5.02, 0.97, -99, 8.14, -99, -99, -99, -99, -99, -99, -99, 0, 
2077, 5, eco1, 0, 8.73, 19.74, 31.01, 53.9, 0.9, -99, 7.08, -99, -99, -99, -99, -99, -99, -99, 0, 
2077, 6, eco1, 0, 10.2, 21.9, 33.27, 54.8, 0.85, -99, 7.55, -99, -99, -99, -99, -99, -99, -99, 0, 
2077, 7, eco1, 0, 24.52, 21.45, 33.15, 107.68, 0.98, -99, 8.94, -99, -99, -99, -99, -99, -99, -99, 0, 
2077, 8, eco1, 0, 20.45, 20.12, 32.56, 55.64, 0.91, -99, 8.99, -99, -99, -99, -99, -99, -99, -99, 0, 
2077, 9, eco1, 0, 16.83, 17.32, 29.52, 47.72, 0.99, -99, 8.25, -99, -99, -99, -99, -99, -99, -99, 0, 
2077, 10, eco1, 0, 10.11, 10.42, 24.3, 47.4, 1.06, -99, 11.99, -99, -99, -99, -99, -99, -99, -99, 0, 
2077, 11, eco1, 0, 8.02, 5.37, 20.89, 6.91, 1.05, -99, 9.85, -99, -99, -99, -99, -99, -99, -99, 0, 
2077, 12, eco1, 0, 12.14, 1.32, 14.19, 7.44, 1.16, -99, 11.26, -99, -99, -99, -99, -99, -99, -99, 0, 
2076, 1, eco1, 0, 8.61, -2.83, 9.49, 38.01, 0.97, -99, 9.93, -99, -99, -99, -99, -99, -99, -99, 0, 
2076, 2, eco1, 0, 3.91, -0.53, 13.02, 3.08, 1.09, -99, 10.3, -99, -99, -99, -99, -99, -99, -99, 0, 
2076, 3, eco1, 0, 7.82, 0.34, 14.85, 5.4, 1.06, -99, 8.04, -99, -99, -99, -99, -99, -99, -99, 0, 
2076, 4, eco1, 0, 9.29, 11.56, 25.29, 25.01, 0.99, -99, 8.09, -99, -99, -99, -99, -99, -99, -99, 0, 
2076, 5, eco1, 0, 26.72, 18.39, 30.02, 802.13, 0.89, -99, 9.31, -99, -99, -99, -99, -99, -99, -99, 0, 
2076, 6, eco1, 0, 14.79, 22.34, 33.81, 76.12, 0.82, -99, 7.84, -99, -99, -99, -99, -99, -99, -99, 0, 
2076, 7, eco1, 0, 14.44, 22.13, 35.04, 28.78, 0.88, -99, 7.55, -99, -99, -99, -99, -99, -99, -99, 0, 
2076, 8, eco1, 0, 12.07, 20.7, 34.78, 56.13, 0.98, -99, 7.76, -99, -99, -99, -99, -99, -99, -99, 0, 
2076, 9, eco1, 0, 3.01, 14.76, 32.48, 2.52, 0.94, -99, 8.13, -99, -99, -99, -99, -99, -99, -99, 0, 
2076, 10, eco1, 0, 2.89, 11.95, 28.14, 11.34, 0.84, -99, 8.88, -99, -99, -99, -99, -99, -99, -99, 0, 
2076, 11, eco1, 0, 12.25, 4.94, 18.49, 8.94, 1.06, -99, 11.79, -99, -99, -99, -99, -99, -99, -99, 0, 
2076, 12, eco1, 0, 3.46, -2.76, 11.37, 2.28, 1.13, -99, 12.52, -99, -99, -99, -99, -99, -99, -99, 0, 
2075, 1, eco1, 0, 4.21, 2.4, 16.56, 3.38, 1.02, -99, 11.35, -99, -99, -99, -99, -99, -99, -99, 0, 
2075, 2, eco1, 0, 4.14, 4.75, 17.41, 8.52, 1.09, -99, 13.14, -99, -99, -99, -99, -99, -99, -99, 0, 
2075, 3, eco1, 0, 11.34, 2.27, 15.77, 12.41, 1.06, -99, 9.13, -99, -99, -99, -99, -99, -99, -99, 0, 
2075, 4, eco1, 0, 12.6, 16.23, 27.86, 74.83, 1.02, -99, 6.89, -99, -99, -99, -99, -99, -99, -99, 0, 
2075, 5, eco1, 0, 8.84, 18.65, 32.24, 14.49, 0.93, -99, 5.3, -99, -99, -99, -99, -99, -99, -99, 0, 
2075, 6, eco1, 0, 7.31, 22.09, 37.51, 47.27, 0.91, -99, 5.68, -99, -99, -99, -99, -99, -99, -99, 0, 
2075, 7, eco1, 0, 14.3, 22.43, 36.64, 108.26, 0.89, -99, 6.26, -99, -99, -99, -99, -99, -99, -99, 0, 
2075, 8, eco1, 0, 16.55, 20.95, 33.01, 35.55, 0.95, -99, 7.53, -99, -99, -99, -99, -99, -99, -99, 0, 
2075, 9, eco1, 0, 17.36, 15.04, 30.68, 95.12, 1.04, -99, 7.86, -99, -99, -99, -99, -99, -99, -99, 0, 
2075, 10, eco1, 0, 4.44, 10.74, 26.93, 11.76, 1.09, -99, 9.37, -99, -99, -99, -99, -99, -99, -99, 0, 
2075, 11, eco1, 0, 13.97, 7.53, 20.54, 8.57, 1.18, -99, 13.22, -99, -99, -99, -99, -99, -99, -99, 0, 
2075, 12, eco1, 0, 10.25, 2.45, 16.96, 10.06, 1.16, -99, 10.51, -99, -99, -99, -99, -99, -99, -99, 0, 
2074, 1, eco1, 0, 4.44, -2.12, 10.85, 10.72, 1.23, -99, 13.36, -99, -99, -99, -99, -99, -99, -99, 0, 
2074, 2, eco1, 0, 1.24, -0.65, 13.79, 0.78, 1.05, -99, 11.64, -99, -99, -99, -99, -99, -99, -99, 0, 
2074, 3, eco1, 0, 4.59, 1.9, 16.76, 5.91, 1.05, -99, 10.27, -99, -99, -99, -99, -99, -99, -99, 0, 
2074, 4, eco1, 0, 5.27, 10.41, 25.9, 13.02, 0.96, -99, 10.25, -99, -99, -99, -99, -99, -99, -99, 0, 
2074, 5, eco1, 0, 11.76, 16.74, 29.83, 64.61, 0.94, -99, 7.74, -99, -99, -99, -99, -99, -99, -99, 0, 
2074, 6, eco1, 0, 11.28, 22.01, 35.76, 36.98, 0.89, -99, 7.97, -99, -99, -99, -99, -99, -99, -99, 0, 
2074, 7, eco1, 0, 7.08, 21.55, 35.69, 47.44, 0.92, -99, 6.14, -99, -99, -99, -99, -99, -99, -99, 0, 
2074, 8, eco1, 0, 13.78, 18.49, 31.81, 47.94, 0.93, -99, 7.92, -99, -99, -99, -99, -99, -99, -99, 0, 
2074, 9, eco1, 0, 10.39, 17.92, 30.82, 22.44, 0.91, -99, 9.73, -99, -99, -99, -99, -99, -99, -99, 0, 
2074, 10, eco1, 0, 9.98, 11.74, 24.03, 16.03, 1.13, -99, 10.6, -99, -99, -99, -99, -99, -99, -99, 0, 
2074, 11, eco1, 0, 10.87, 6.21, 19.92, 20.19, 1.02, -99, 13.53, -99, -99, -99, -99, -99, -99, -99, 0, 
2074, 12, eco1, 0, 5.59, 1.17, 16.37, 9.54, 0.99, -99, 8.77, -99, -99, -99, -99, -99, -99, -99, 0, 
2073, 1, eco1, 0, 3.06, -1.6, 11.57, 1.42, 1.1, -99, 14.42, -99, -99, -99, -99, -99, -99, -99, 0, 
2073, 2, eco1, 0, 5.06, 2.03, 16.88, 5.06, 1.1, -99, 10.03, -99, -99, -99, -99, -99, -99, -99, 0, 
2073, 3, eco1, 0, 3.59, 0.96, 17.05, 5.68, 0.94, -99, 9.29, -99, -99, -99, -99, -99, -99, -99, 0, 
2073, 4, eco1, 0, 9.11, 11.76, 25.45, 7.98, 0.96, -99, 9.19, -99, -99, -99, -99, -99, -99, -99, 0, 
2073, 5, eco1, 0, 9.83, 19.05, 31.22, 33.12, 0.96, -99, 7.84, -99, -99, -99, -99, -99, -99, -99, 0, 
2073, 6, eco1, 0, 19, 21.85, 35.51, 158.01, 0.98, -99, 7.47, -99, -99, -99, -99, -99, -99, -99, 0, 
2073, 7, eco1, 0, 4.94, 22.53, 36.19, 12.13, 0.94, -99, 7.19, -99, -99, -99, -99, -99, -99, -99, 0, 
2073, 8, eco1, 0, 7.73, 20.08, 34.6, 13.16, 0.89, -99, 6.2, -99, -99, -99, -99, -99, -99, -99, 0, 
2073, 9, eco1, 0, 8.12, 16.1, 30.64, 6.28, 0.92, -99, 9.2, -99, -99, -99, -99, -99, -99, -99, 0, 
2073, 10, eco1, 0, 7.22, 9.43, 25.83, 4.99, 1.01, -99, 9.74, -99, -99, -99, -99, -99, -99, -99, 0, 
2073, 11, eco1, 0, 14.8, 5.43, 19.6, 29.93, 1.1, -99, 12.05, -99, -99, -99, -99, -99, -99, -99, 0, 
2073, 12, eco1, 0, 11.13, 3.81, 16.02, 9.49, 1.14, -99, 10.87, -99, -99, -99, -99, -99, -99, -99, 0, 
2072, 1, eco1, 0, 8.05, -1.47, 12.21, 3.82, 1.19, -99, 11.72, -99, -99, -99, -99, -99, -99, -99, 0, 
2072, 2, eco1, 0, 4.6, -0.71, 12.84, 3.32, 1.09, -99, 11.27, -99, -99, -99, -99, -99, -99, -99, 0, 
2072, 3, eco1, 0, 5.97, 3.41, 19.07, 7.26, 1.04, -99, 11.4, -99, -99, -99, -99, -99, -99, -99, 0, 
2072, 4, eco1, 0, 2.12, 13.02, 27.04, 4.81, 0.99, -99, 9.07, -99, -99, -99, -99, -99, -99, -99, 0, 
2072, 5, eco1, 0, 4.48, 20.59, 32.81, 6.51, 0.97, -99, 7.05, -99, -99, -99, -99, -99, -99, -99, 0, 
2072, 6, eco1, 0, 15.41, 21.62, 35.49, 77.64, 0.93, -99, 5.85, -99, -99, -99, -99, -99, -99, -99, 0, 
2072, 7, eco1, 0, 10.59, 22.32, 36.32, 58.35, 0.9, -99, 7.69, -99, -99, -99, -99, -99, -99, -99, 0, 
2072, 8, eco1, 0, 13, 20.4, 33.17, 46.85, 0.91, -99, 7.48, -99, -99, -99, -99, -99, -99, -99, 0, 
2072, 9, eco1, 0, 18.44, 17.93, 32.29, 28.77, 1.01, -99, 8.04, -99, -99, -99, -99, -99, -99, -99, 0, 
2072, 10, eco1, 0, 5.25, 14.65, 28.08, 23.23, 1.1, -99, 12.23, -99, -99, -99, -99, -99, -99, -99, 0, 
2072, 11, eco1, 0, 7.5, 3.15, 17.87, 5.85, 1.11, -99, 13.82, -99, -99, -99, -99, -99, -99, -99, 0, 
2072, 12, eco1, 0, 5.12, -2.43, 10.64, 12.93, 1.02, -99, 11.11, -99, -99, -99, -99, -99, -99, -99, 0, 
2071, 1, eco1, 0, 5.53, -1.5, 12.06, 6.7, 1.05, -99, 12.54, -99, -99, -99, -99, -99, -99, -99, 0, 
2071, 2, eco1, 0, 2.84, -2.51, 11.12, 2.41, 1.16, -99, 10.68, -99, -99, -99, -99, -99, -99, -99, 0, 
2071, 3, eco1, 0, 7.75, 7.32, 19.11, 9.99, 1.04, -99, 12.48, -99, -99, -99, -99, -99, -99, -99, 0, 
2071, 4, eco1, 0, 0.99, 10.16, 27.48, 1.15, 0.95, -99, 9.79, -99, -99, -99, -99, -99, -99, -99, 0, 
2071, 5, eco1, 0, 9.37, 14.76, 29.23, 93.1, 0.93, -99, 8.64, -99, -99, -99, -99, -99, -99, -99, 0, 
2071, 6, eco1, 0, 3.83, 20.09, 32.89, 18.96, 0.88, -99, 7.04, -99, -99, -99, -99, -99, -99, -99, 0, 
2071, 7, eco1, 0, 24.31, 22.18, 33.17, 67.19, 0.88, -99, 7.28, -99, -99, -99, -99, -99, -99, -99, 0, 
2071, 8, eco1, 0, 9.89, 19.46, 33, 36.38, 0.87, -99, 5.94, -99, -99, -99, -99, -99, -99, -99, 0, 
2071, 9, eco1, 0, 13.41, 15.52, 30.78, 17.2, 1.09, -99, 7.37, -99, -99, -99, -99, -99, -99, -99, 0, 
2071, 10, eco1, 0, 19.28, 10.5, 25.07, 78.06, 1.01, -99, 10.12, -99, -99, -99, -99, -99, -99, -99, 0, 
2071, 11, eco1, 0, 8.53, 4.95, 19.61, 7.14, 1.1, -99, 10.95, -99, -99, -99, -99, -99, -99, -99, 0, 
2071, 12, eco1, 0, 12.75, 1.95, 15.45, 14.05, 1.15, -99, 12.25, -99, -99, -99, -99, -99, -99, -99, 0, 
2070, 1, eco1, 0, 10.03, -0.86, 13.15, 10.67, 1.02, -99, 12.43, -99, -99, -99, -99, -99, -99, -99, 0, 
2070, 2, eco1, 0, 7.69, -1.48, 12.27, 19.96, 1.09, -99, 11.01, -99, -99, -99, -99, -99, -99, -99, 0, 
2070, 3, eco1, 0, 5.31, 5.71, 20.48, 7.08, 1.03, -99, 9.96, -99, -99, -99, -99, -99, -99, -99, 0, 
2070, 4, eco1, 0, 14.88, 12.78, 25.16, 82.45, 1.06, -99, 7.06, -99, -99, -99, -99, -99, -99, -99, 0, 
2070, 5, eco1, 0, 11.29, 18.59, 30.38, 19.29, 0.86, -99, 5.06, -99, -99, -99, -99, -99, -99, -99, 0, 
2070, 6, eco1, 0, 15.71, 21.64, 33.53, 164.61, 0.92, -99, 5.66, -99, -99, -99, -99, -99, -99, -99, 0, 
2070, 7, eco1, 0, 10.02, 22.65, 35.13, 45.6, 0.88, -99, 7.29, -99, -99, -99, -99, -99, -99, -99, 0, 
2070, 8, eco1, 0, 12.27, 18.27, 31.57, 81.5, 0.98, -99, 6.04, -99, -99, -99, -99, -99, -99, -99, 0, 
2070, 9, eco1, 0, 7.2, 16.24, 30.5, 9.91, 0.87, -99, 10.08, -99, -99, -99, -99, -99, -99, -99, 0, 
2070, 10, eco1, 0, 6.89, 9.44, 25.67, 6.75, 0.98, -99, 11.31, -99, -99, -99, -99, -99, -99, -99, 0, 
2070, 11, eco1, 0, 11.9, 5.66, 20.2, 8.59, 1.21, -99, 12.26, -99, -99, -99, -99, -99, -99, -99, 0, 
2070, 12, eco1, 0, 6.14, -0.5, 12.98, 2.12, 1.15, -99, 12.18, -99, -99, -99, -99, -99, -99, -99, 0, 
2069, 1, eco1, 0, 18.12, 0.2, 12.39, 20.01, 1.2, -99, 10.83, -99, -99, -99, -99, -99, -99, -99, 0, 
2069, 2, eco1, 0, 1.68, -1.98, 12.3, 0.81, 1.03, -99, 11.32, -99, -99, -99, -99, -99, -99, -99, 0, 
2069, 3, eco1, 0, 8.14, 4.13, 18.13, 14.39, 1.04, -99, 9.55, -99, -99, -99, -99, -99, -99, -99, 0, 
2069, 4, eco1, 0, 8.24, 10.08, 24.7, 19.76, 1.09, -99, 7.98, -99, -99, -99, -99, -99, -99, -99, 0, 
2069, 5, eco1, 0, 8.04, 15.78, 30.4, 27.44, 0.96, -99, 8.93, -99, -99, -99, -99, -99, -99, -99, 0, 
2069, 6, eco1, 0, 24.81, 22.99, 36.13, 130.82, 0.87, -99, 7.27, -99, -99, -99, -99, -99, -99, -99, 0, 
2069, 7, eco1, 0, 15.25, 21.48, 34.87, 28.33, 0.92, -99, 6.93, -99, -99, -99, -99, -99, -99, -99, 0, 
2069, 8, eco1, 0, 20.51, 20.81, 34.29, 79.97, 0.84, -99, 6.78, -99, -99, -99, -99, -99, -99, -99, 0, 
2069, 9, eco1, 0, 11.54, 12.74, 28.56, 56.4, 1.07, -99, 9.28, -99, -99, -99, -99, -99, -99, -99, 0, 
2069, 10, eco1, 0, 5.75, 10.02, 26.89, 7.53, 1.04, -99, 10.5, -99, -99, -99, -99, -99, -99, -99, 0, 
2069, 11, eco1, 0, 9.6, 5.87, 19.74, 13.43, 0.95, -99, 8.41, -99, -99, -99, -99, -99, -99, -99, 0, 
2069, 12, eco1, 0, 12.17, 0.25, 14, 12.83, 0.97, -99, 13.47, -99, -99, -99, -99, -99, -99, -99, 0, 
2068, 1, eco1, 0, 16.15, 2.32, 14.12, 9.25, 1.09, -99, 11.74, -99, -99, -99, -99, -99, -99, -99, 0, 
2068, 2, eco1, 0, 7.65, 0.26, 12.04, 3.91, 1.12, -99, 10.29, -99, -99, -99, -99, -99, -99, -99, 0, 
2068, 3, eco1, 0, 10.58, 8.38, 21.9, 25.64, 1.12, -99, 9.45, -99, -99, -99, -99, -99, -99, -99, 0, 
2068, 4, eco1, 0, 3.67, 15.87, 29.12, 32.26, 0.97, -99, 5.31, -99, -99, -99, -99, -99, -99, -99, 0, 
2068, 5, eco1, 0, 23.94, 19.69, 31.77, 354.38, 0.92, -99, 8.53, -99, -99, -99, -99, -99, -99, -99, 0, 
2068, 6, eco1, 0, 5.53, 23.95, 36.76, 17.69, 0.85, -99, 6.08, -99, -99, -99, -99, -99, -99, -99, 0, 
2068, 7, eco1, 0, 6.03, 21.89, 36.19, 14.12, 0.86, -99, 7.21, -99, -99, -99, -99, -99, -99, -99, 0, 
2068, 8, eco1, 0, 26.14, 18.95, 33.06, 96.87, 0.9, -99, 8.47, -99, -99, -99, -99, -99, -99, -99, 0, 
2068, 9, eco1, 0, 19.86, 14.73, 29.02, 45.73, 1, -99, 8.62, -99, -99, -99, -99, -99, -99, -99, 0, 
2068, 10, eco1, 0, 2.94, 9.32, 25.28, 17.12, 0.97, -99, 9.77, -99, -99, -99, -99, -99, -99, -99, 0, 
2068, 11, eco1, 0, 8.75, 7.39, 21.92, 6.09, 1.07, -99, 11.87, -99, -99, -99, -99, -99, -99, -99, 0, 
2068, 12, eco1, 0, 5.29, 0.82, 16.46, 2.96, 1.06, -99, 10.65, -99, -99, -99, -99, -99, -99, -99, 0, 
2067, 1, eco1, 0, 16.08, 0.99, 12.77, 11.07, 1.08, -99, 10.11, -99, -99, -99, -99, -99, -99, -99, 0, 
2067, 2, eco1, 0, 2.1, 0.83, 14.32, 0.83, 1.12, -99, 12.06, -99, -99, -99, -99, -99, -99, -99, 0, 
2067, 3, eco1, 0, 5.16, 8.22, 23.31, 2.03, 1.07, -99, 10.58, -99, -99, -99, -99, -99, -99, -99, 0, 
2067, 4, eco1, 0, 6.71, 11.83, 26.86, 27.06, 0.99, -99, 6.8, -99, -99, -99, -99, -99, -99, -99, 0, 
2067, 5, eco1, 0, 2.64, 17.62, 31.23, 26.82, 0.86, -99, 5.8, -99, -99, -99, -99, -99, -99, -99, 0, 
2067, 6, eco1, 0, 8.91, 21.25, 34.43, 22.88, 0.92, -99, 6.15, -99, -99, -99, -99, -99, -99, -99, 0, 
2067, 7, eco1, 0, 8.74, 22.68, 35.6, 130.95, 0.91, -99, 6.38, -99, -99, -99, -99, -99, -99, -99, 0, 
2067, 8, eco1, 0, 10.45, 20.44, 34.25, 30.13, 0.97, -99, 6.64, -99, -99, -99, -99, -99, -99, -99, 0, 
2067, 9, eco1, 0, 13.06, 13.3, 26.95, 46.82, 0.96, -99, 9.67, -99, -99, -99, -99, -99, -99, -99, 0, 
2067, 10, eco1, 0, 7.87, 9.89, 24.77, 11.67, 0.94, -99, 10.73, -99, -99, -99, -99, -99, -99, -99, 0, 
2067, 11, eco1, 0, 7.39, 4.29, 19.87, 6.71, 1.04, -99, 9.9, -99, -99, -99, -99, -99, -99, -99, 0, 
2067, 12, eco1, 0, 8.23, 3.5, 17.3, 5.12, 1.18, -99, 11.8, -99, -99, -99, -99, -99, -99, -99, 0, 
2066, 1, eco1, 0, 15.21, 2.79, 14.89, 25.83, 1.11, -99, 11.55, -99, -99, -99, -99, -99, -99, -99, 0, 
2066, 2, eco1, 0, 15.7, 3.17, 14.57, 9.11, 1.25, -99, 10.13, -99, -99, -99, -99, -99, -99, -99, 0, 
2066, 3, eco1, 0, 9.76, 8.59, 23.79, 14.97, 1.03, -99, 10.35, -99, -99, -99, -99, -99, -99, -99, 0, 
2066, 4, eco1, 0, 2.81, 10.29, 27.16, 2.75, 0.99, -99, 7.38, -99, -99, -99, -99, -99, -99, -99, 0, 
2066, 5, eco1, 0, 20.74, 18.77, 29.92, 198.16, 1.02, -99, 7.7, -99, -99, -99, -99, -99, -99, -99, 0, 
2066, 6, eco1, 0, 14.78, 22.03, 34.82, 16.66, 0.87, -99, 8.28, -99, -99, -99, -99, -99, -99, -99, 0, 
2066, 7, eco1, 0, 4.21, 22.54, 36.02, 13.63, 0.9, -99, 6.16, -99, -99, -99, -99, -99, -99, -99, 0, 
2066, 8, eco1, 0, 10.25, 19.48, 32.32, 51.98, 0.94, -99, 8.81, -99, -99, -99, -99, -99, -99, -99, 0, 
2066, 9, eco1, 0, 13.42, 14.04, 29.58, 26.74, 1.05, -99, 8.8, -99, -99, -99, -99, -99, -99, -99, 0, 
2066, 10, eco1, 0, 6.94, 12.42, 27.84, 17.58, 1.04, -99, 9.98, -99, -99, -99, -99, -99, -99, -99, 0, 
2066, 11, eco1, 0, 9.97, 7.68, 22.01, 6.52, 1.05, -99, 10.71, -99, -99, -99, -99, -99, -99, -99, 0, 
2066, 12, eco1, 0, 9.85, 1.91, 16.32, 7.32, 1.09, -99, 10.84, -99, -99, -99, -99, -99, -99, -99, 0, 
2065, 1, eco1, 0, 7.85, 0.56, 13.05, 6.4, 1.1, -99, 11.97, -99, -99, -99, -99, -99, -99, -99, 0, 
2065, 2, eco1, 0, 9.51, 2.81, 15.68, 13.09, 1.19, -99, 12.08, -99, -99, -99, -99, -99, -99, -99, 0, 
2065, 3, eco1, 0, 7.65, 6.57, 19.74, 26.62, 1.13, -99, 11.76, -99, -99, -99, -99, -99, -99, -99, 0, 
2065, 4, eco1, 0, 12.05, 11.37, 25.64, 32.6, 1.04, -99, 10.46, -99, -99, -99, -99, -99, -99, -99, 0, 
2065, 5, eco1, 0, 5.55, 19.57, 33.64, 20.67, 0.91, -99, 6.85, -99, -99, -99, -99, -99, -99, -99, 0, 
2065, 6, eco1, 0, 14.03, 22.68, 35.42, 78.73, 0.88, -99, 5.53, -99, -99, -99, -99, -99, -99, -99, 0, 
2065, 7, eco1, 0, 22.56, 21.8, 34.54, 250.43, 0.91, -99, 6.89, -99, -99, -99, -99, -99, -99, -99, 0, 
2065, 8, eco1, 0, 14.87, 19.09, 32.35, 177.88, 0.99, -99, 7.43, -99, -99, -99, -99, -99, -99, -99, 0, 
2065, 9, eco1, 0, 7.54, 14.31, 29.35, 20.57, 0.94, -99, 9.3, -99, -99, -99, -99, -99, -99, -99, 0, 
2065, 10, eco1, 0, 4.57, 9.91, 26.96, 2.74, 0.97, -99, 8.68, -99, -99, -99, -99, -99, -99, -99, 0, 
2065, 11, eco1, 0, 10.59, 7.73, 22.31, 10.43, 1.14, -99, 11.25, -99, -99, -99, -99, -99, -99, -99, 0, 
2065, 12, eco1, 0, 7.2, 0.66, 14.07, 6.7, 1.13, -99, 12.01, -99, -99, -99, -99, -99, -99, -99, 0, 
2064, 1, eco1, 0, 8.61, 5.39, 18.41, 11.45, 1.15, -99, 10.26, -99, -99, -99, -99, -99, -99, -99, 0, 
2064, 2, eco1, 0, 12.71, 1.7, 14.05, 18.13, 1.11, -99, 10.88, -99, -99, -99, -99, -99, -99, -99, 0, 
2064, 3, eco1, 0, 11.34, 3.96, 18.05, 19.11, 1.12, -99, 8.97, -99, -99, -99, -99, -99, -99, -99, 0, 
2064, 4, eco1, 0, 15.76, 10.47, 23.55, 33.63, 1.1, -99, 8.35, -99, -99, -99, -99, -99, -99, -99, 0, 
2064, 5, eco1, 0, 10.98, 15.7, 30.34, 21.92, 0.89, -99, 5.67, -99, -99, -99, -99, -99, -99, -99, 0, 
2064, 6, eco1, 0, 22.07, 19.04, 31.33, 1035.99, 1.01, -99, 7.46, -99, -99, -99, -99, -99, -99, -99, 0, 
2064, 7, eco1, 0, 10.85, 21.84, 36.03, 44.14, 0.82, -99, 6.3, -99, -99, -99, -99, -99, -99, -99, 0, 
2064, 8, eco1, 0, 10.07, 17.07, 30.92, 46.62, 0.91, -99, 7.5, -99, -99, -99, -99, -99, -99, -99, 0, 
2064, 9, eco1, 0, 10.57, 15.26, 30.05, 35.36, 1.02, -99, 10.1, -99, -99, -99, -99, -99, -99, -99, 0, 
2064, 10, eco1, 0, 3.94, 7.98, 23.94, 7.84, 0.97, -99, 9.56, -99, -99, -99, -99, -99, -99, -99, 0, 
2064, 11, eco1, 0, 16.71, 5.41, 19.38, 24.88, 1.15, -99, 11.8, -99, -99, -99, -99, -99, -99, -99, 0, 
2064, 12, eco1, 0, 6.16, 0.06, 14.09, 5.64, 1.02, -99, 12.99, -99, -99, -99, -99, -99, -99, -99, 0, 
2063, 1, eco1, 0, 9.45, -0.12, 13.13, 3.54, 1.02, -99, 12.42, -99, -99, -99, -99, -99, -99, -99, 0, 
2063, 2, eco1, 0, 12.86, 2.14, 14.9, 29.4, 1.24, -99, 10.4, -99, -99, -99, -99, -99, -99, -99, 0, 
2063, 3, eco1, 0, 6.26, 6.93, 21.45, 3.24, 1, -99, 9.01, -99, -99, -99, -99, -99, -99, -99, 0, 
2063, 4, eco1, 0, 10.51, 13.02, 26.67, 24.29, 1, -99, 8.47, -99, -99, -99, -99, -99, -99, -99, 0, 
2063, 5, eco1, 0, 8.44, 18.01, 33.38, 78.69, 0.99, -99, 5.18, -99, -99, -99, -99, -99, -99, -99, 0, 
2063, 6, eco1, 0, 14.37, 21.58, 33.57, 79.24, 0.8, -99, 6.47, -99, -99, -99, -99, -99, -99, -99, 0, 
2063, 7, eco1, 0, 17.89, 22.32, 34.24, 202.7, 0.92, -99, 6.75, -99, -99, -99, -99, -99, -99, -99, 0, 
2063, 8, eco1, 0, 13.48, 19.16, 33.44, 27.21, 0.98, -99, 8.45, -99, -99, -99, -99, -99, -99, -99, 0, 
2063, 9, eco1, 0, 12.03, 15.39, 29.03, 33.85, 0.92, -99, 8.88, -99, -99, -99, -99, -99, -99, -99, 0, 
2063, 10, eco1, 0, 10.25, 7.19, 22.52, 32.49, 1.16, -99, 11.18, -99, -99, -99, -99, -99, -99, -99, 0, 
2063, 11, eco1, 0, 14.74, 7, 21.27, 20.1, 1.08, -99, 11.68, -99, -99, -99, -99, -99, -99, -99, 0, 
2063, 12, eco1, 0, 17.25, 3.98, 16.92, 17.44, 1.2, -99, 12.8, -99, -99, -99, -99, -99, -99, -99, 0, 
2062, 1, eco1, 0, 16.52, 0.9, 11.31, 24.55, 1.1, -99, 11.41, -99, -99, -99, -99, -99, -99, -99, 0, 
2062, 2, eco1, 0, 16.66, 4.37, 17.15, 31.58, 1.12, -99, 13.1, -99, -99, -99, -99, -99, -99, -99, 0, 
2062, 3, eco1, 0, 12.33, 5.99, 20.65, 233.59, 1.05, -99, 8.55, -99, -99, -99, -99, -99, -99, -99, 0, 
2062, 4, eco1, 0, 6.6, 9.35, 24.37, 8.07, 1.07, -99, 8.93, -99, -99, -99, -99, -99, -99, -99, 0, 
2062, 5, eco1, 0, 6.95, 16.84, 30.06, 27.63, 0.89, -99, 6.23, -99, -99, -99, -99, -99, -99, -99, 0, 
2062, 6, eco1, 0, 16.07, 20.84, 32.16, 103.68, 0.77, -99, 7.17, -99, -99, -99, -99, -99, -99, -99, 0, 
2062, 7, eco1, 0, 13.67, 21.64, 33.63, 152.46, 0.91, -99, 8.89, -99, -99, -99, -99, -99, -99, -99, 0, 
2062, 8, eco1, 0, 13.18, 20.48, 33.09, 25.7, 0.92, -99, 7.82, -99, -99, -99, -99, -99, -99, -99, 0, 
2062, 9, eco1, 0, 14.96, 14.24, 27.55, 28.79, 1.09, -99, 7.68, -99, -99, -99, -99, -99, -99, -99, 0, 
2062, 10, eco1, 0, 7.12, 8.2, 22.9, 14.74, 1.09, -99, 13.24, -99, -99, -99, -99, -99, -99, -99, 0, 
2062, 11, eco1, 0, 9.19, 5.21, 19.14, 7.05, 1.02, -99, 12.26, -99, -99, -99, -99, -99, -99, -99, 0, 
2062, 12, eco1, 0, 7.12, 4.17, 18.44, 7.58, 1.19, -99, 12.58, -99, -99, -99, -99, -99, -99, -99, 0, 
2061, 1, eco1, 0, 9.08, 1.01, 13.27, 10.46, 1.02, -99, 13.07, -99, -99, -99, -99, -99, -99, -99, 0, 
2061, 2, eco1, 0, 5.31, 1.98, 16.01, 20.01, 1.07, -99, 11.67, -99, -99, -99, -99, -99, -99, -99, 0, 
2061, 3, eco1, 0, 9.28, 7.6, 21.61, 13.04, 1.06, -99, 10.44, -99, -99, -99, -99, -99, -99, -99, 0, 
2061, 4, eco1, 0, 2.72, 13.32, 27.45, 3.13, 1.05, -99, 8.64, -99, -99, -99, -99, -99, -99, -99, 0, 
2061, 5, eco1, 0, 4.75, 17.31, 30.37, 98.17, 0.92, -99, 6.54, -99, -99, -99, -99, -99, -99, -99, 0, 
2061, 6, eco1, 0, 12.93, 21.89, 34.41, 110.71, 0.87, -99, 6.51, -99, -99, -99, -99, -99, -99, -99, 0, 
2061, 7, eco1, 0, 15.75, 21.74, 34.62, 269.67, 0.88, -99, 7.22, -99, -99, -99, -99, -99, -99, -99, 0, 
2061, 8, eco1, 0, 11.75, 20.19, 34.22, 16.08, 0.95, -99, 6.66, -99, -99, -99, -99, -99, -99, -99, 0, 
2061, 9, eco1, 0, 8.46, 15.51, 30.26, 10.37, 1.02, -99, 8.58, -99, -99, -99, -99, -99, -99, -99, 0, 
2061, 10, eco1, 0, 10.87, 7.61, 24.01, 14.76, 1.07, -99, 13.26, -99, -99, -99, -99, -99, -99, -99, 0, 
2061, 11, eco1, 0, 13.56, 5.63, 20.3, 16.51, 1.12, -99, 11.6, -99, -99, -99, -99, -99, -99, -99, 0, 
2061, 12, eco1, 0, 12.89, 2.85, 16.39, 15.86, 1.07, -99, 11.77, -99, -99, -99, -99, -99, -99, -99, 0, 
2060, 1, eco1, 0, 7.81, 4.35, 17.75, 9.08, 1.21, -99, 11.18, -99, -99, -99, -99, -99, -99, -99, 0, 
2060, 2, eco1, 0, 8.42, 4.93, 16.6, 5.96, 1.09, -99, 12.5, -99, -99, -99, -99, -99, -99, -99, 0, 
2060, 3, eco1, 0, 3.75, 8.88, 23.73, 4.25, 0.95, -99, 10.27, -99, -99, -99, -99, -99, -99, -99, 0, 
2060, 4, eco1, 0, 7.37, 9.7, 22.97, 10.23, 1.04, -99, 9.77, -99, -99, -99, -99, -99, -99, -99, 0, 
2060, 5, eco1, 0, 11.95, 18.77, 31.81, 100.39, 0.88, -99, 8.06, -99, -99, -99, -99, -99, -99, -99, 0, 
2060, 6, eco1, 0, 14.16, 20.99, 33.06, 52.37, 0.92, -99, 6.67, -99, -99, -99, -99, -99, -99, -99, 0, 
2060, 7, eco1, 0, 10.41, 22.09, 35.3, 94.73, 0.87, -99, 5.52, -99, -99, -99, -99, -99, -99, -99, 0, 
2060, 8, eco1, 0, 7.79, 20.79, 35.37, 22.44, 0.97, -99, 8.05, -99, -99, -99, -99, -99, -99, -99, 0, 
2060, 9, eco1, 0, 9.24, 13.82, 29.12, 22.64, 1.06, -99, 8.58, -99, -99, -99, -99, -99, -99, -99, 0, 
2060, 10, eco1, 0, 7.69, 11.65, 27.29, 63.95, 0.98, -99, 9.33, -99, -99, -99, -99, -99, -99, -99, 0, 
2060, 11, eco1, 0, 19.2, 4.82, 18.9, 21.69, 1.06, -99, 12.09, -99, -99, -99, -99, -99, -99, -99, 0, 
2060, 12, eco1, 0, 11.18, -1.05, 12.13, 11.03, 1.13, -99, 12.24, -99, -99, -99, -99, -99, -99, -99, 0, 
2059, 1, eco1, 0, 17.57, 0.58, 12.21, 28.16, 1.1, -99, 11.92, -99, -99, -99, -99, -99, -99, -99, 0, 
2059, 2, eco1, 0, 9.33, -0.01, 13.24, 17.58, 1.15, -99, 11.04, -99, -99, -99, -99, -99, -99, -99, 0, 
2059, 3, eco1, 0, 7.25, 8.34, 21.45, 6.15, 0.92, -99, 9.24, -99, -99, -99, -99, -99, -99, -99, 0, 
2059, 4, eco1, 0, 1.56, 10.77, 26.65, 2.24, 0.92, -99, 8.05, -99, -99, -99, -99, -99, -99, -99, 0, 
2059, 5, eco1, 0, 17.68, 16.58, 31.25, 248.59, 0.99, -99, 6.46, -99, -99, -99, -99, -99, -99, -99, 0, 
2059, 6, eco1, 0, 9.47, 20.43, 32.88, 49.51, 0.81, -99, 8.57, -99, -99, -99, -99, -99, -99, -99, 0, 
2059, 7, eco1, 0, 22.21, 20.64, 33.05, 559.53, 0.9, -99, 6.62, -99, -99, -99, -99, -99, -99, -99, 0, 
2059, 8, eco1, 0, 15.76, 19.83, 32.13, 162.77, 0.98, -99, 6.44, -99, -99, -99, -99, -99, -99, -99, 0, 
2059, 9, eco1, 0, 9.9, 13.69, 28.83, 41.27, 1, -99, 9.7, -99, -99, -99, -99, -99, -99, -99, 0, 
2059, 10, eco1, 0, 3.27, 10.36, 28.8, 1.33, 0.95, -99, 10.65, -99, -99, -99, -99, -99, -99, -99, 0, 
2059, 11, eco1, 0, 7.12, 4.09, 19.25, 3.07, 1.11, -99, 11.44, -99, -99, -99, -99, -99, -99, -99, 0, 
2059, 12, eco1, 0, 14.57, 0.06, 11.96, 18.73, 1.16, -99, 12.67, -99, -99, -99, -99, -99, -99, -99, 0, 
2058, 1, eco1, 0, 4.1, -3.78, 10.18, 7.36, 1.04, -99, 14.03, -99, -99, -99, -99, -99, -99, -99, 0, 
2058, 2, eco1, 0, 5.85, -2.06, 11.59, 6.71, 1.09, -99, 10.91, -99, -99, -99, -99, -99, -99, -99, 0, 
2058, 3, eco1, 0, 2.92, 3.7, 20.14, 2.23, 1.03, -99, 10.32, -99, -99, -99, -99, -99, -99, -99, 0, 
2058, 4, eco1, 0, 17.62, 12.19, 24.08, 42.91, 0.98, -99, 9.46, -99, -99, -99, -99, -99, -99, -99, 0, 
2058, 5, eco1, 0, 16.24, 16.57, 29.61, 209.23, 0.95, -99, 8.05, -99, -99, -99, -99, -99, -99, -99, 0, 
2058, 6, eco1, 0, 5.91, 22.57, 34.51, 19.79, 0.85, -99, 6.33, -99, -99, -99, -99, -99, -99, -99, 0, 
2058, 7, eco1, 0, 8.24, 21.03, 34.32, 51.37, 0.88, -99, 6.1, -99, -99, -99, -99, -99, -99, -99, 0, 
2058, 8, eco1, 0, 16.5, 19.25, 33.29, 60.23, 0.93, -99, 6.98, -99, -99, -99, -99, -99, -99, -99, 0, 
2058, 9, eco1, 0, 16.67, 15.37, 28.97, 35.54, 0.97, -99, 8.96, -99, -99, -99, -99, -99, -99, -99, 0, 
2058, 10, eco1, 0, 9, 10.9, 25.49, 11.83, 1.01, -99, 9.54, -99, -99, -99, -99, -99, -99, -99, 0, 
2058, 11, eco1, 0, 11.57, 1.88, 15.22, 26.34, 1.1, -99, 10.07, -99, -99, -99, -99, -99, -99, -99, 0, 
2058, 12, eco1, 0, 7.89, -1.1, 11.96, 8.78, 1.02, -99, 13.03, -99, -99, -99, -99, -99, -99, -99, 0, 
2057, 1, eco1, 0, 6.25, -5.16, 7.94, 13.95, 1.14, -99, 13.84, -99, -99, -99, -99, -99, -99, -99, 0, 
2057, 2, eco1, 0, 7.94, 1.39, 14.71, 5.29, 1.13, -99, 10.22, -99, -99, -99, -99, -99, -99, -99, 0, 
2057, 3, eco1, 0, 4.2, 4.12, 18.47, 6.02, 1.06, -99, 10.19, -99, -99, -99, -99, -99, -99, -99, 0, 
2057, 4, eco1, 0, 7.27, 11.32, 25.16, 11.59, 1.07, -99, 8.81, -99, -99, -99, -99, -99, -99, -99, 0, 
2057, 5, eco1, 0, 4.45, 19.66, 32.05, 30.66, 0.89, -99, 7.3, -99, -99, -99, -99, -99, -99, -99, 0, 
2057, 6, eco1, 0, 16.85, 21.89, 34.56, 57.31, 0.85, -99, 5.79, -99, -99, -99, -99, -99, -99, -99, 0, 
2057, 7, eco1, 0, 4.39, 21.13, 36.31, 39.7, 0.93, -99, 6.17, -99, -99, -99, -99, -99, -99, -99, 0, 
2057, 8, eco1, 0, 6.69, 19.87, 33.75, 64.45, 0.98, -99, 6.6, -99, -99, -99, -99, -99, -99, -99, 0, 
2057, 9, eco1, 0, 10.7, 14.53, 27.21, 41.02, 1.02, -99, 7.99, -99, -99, -99, -99, -99, -99, -99, 0, 
2057, 10, eco1, 0, 13.59, 9.79, 23.95, 32.43, 0.99, -99, 12.06, -99, -99, -99, -99, -99, -99, -99, 0, 
2057, 11, eco1, 0, 11.46, 4.18, 19.14, 17.49, 1.01, -99, 10.15, -99, -99, -99, -99, -99, -99, -99, 0, 
2057, 12, eco1, 0, 14.08, 2.08, 14.25, 16.66, 1.13, -99, 12.86, -99, -99, -99, -99, -99, -99, -99, 0, 
2056, 1, eco1, 0, 4.73, -0.78, 11.05, 7.76, 1.07, -99, 12.13, -99, -99, -99, -99, -99, -99, -99, 0, 
2056, 2, eco1, 0, 12.82, 2.05, 13.15, 15.29, 1.14, -99, 13.24, -99, -99, -99, -99, -99, -99, -99, 0, 
2056, 3, eco1, 0, 8.31, 3.6, 16.56, 22.63, 1.15, -99, 10.34, -99, -99, -99, -99, -99, -99, -99, 0, 
2056, 4, eco1, 0, 13.62, 10.37, 24.31, 60.23, 1.06, -99, 8.4, -99, -99, -99, -99, -99, -99, -99, 0, 
2056, 5, eco1, 0, 9.58, 16.65, 28.95, 34.89, 0.97, -99, 7.64, -99, -99, -99, -99, -99, -99, -99, 0, 
2056, 6, eco1, 0, 8.03, 22.15, 34.98, 72.65, 0.88, -99, 8.86, -99, -99, -99, -99, -99, -99, -99, 0, 
2056, 7, eco1, 0, 16.63, 21.98, 34.61, 88.5, 0.88, -99, 6.05, -99, -99, -99, -99, -99, -99, -99, 0, 
2056, 8, eco1, 0, 11.73, 20.11, 35.09, 147.56, 0.9, -99, 6.67, -99, -99, -99, -99, -99, -99, -99, 0, 
2056, 9, eco1, 0, 7.08, 13.15, 27.66, 19.74, 1.06, -99, 10.36, -99, -99, -99, -99, -99, -99, -99, 0, 
2056, 10, eco1, 0, 6.61, 8.91, 25.24, 4.97, 1.07, -99, 10.72, -99, -99, -99, -99, -99, -99, -99, 0, 
2056, 11, eco1, 0, 15.89, 4.54, 18.27, 18.25, 1.16, -99, 13.48, -99, -99, -99, -99, -99, -99, -99, 0, 
2056, 12, eco1, 0, 10.74, 1.47, 15.31, 13.49, 1.08, -99, 11.9, -99, -99, -99, -99, -99, -99, -99, 0, 
2055, 1, eco1, 0, 10.61, -1.28, 11.99, 11.35, 1.23, -99, 9.97, -99, -99, -99, -99, -99, -99, -99, 0, 
2055, 2, eco1, 0, 13.54, 1.33, 13.84, 19.45, 1.18, -99, 12.32, -99, -99, -99, -99, -99, -99, -99, 0, 
2055, 3, eco1, 0, 7.43, 2.48, 17.6, 19.89, 1.02, -99, 10.23, -99, -99, -99, -99, -99, -99, -99, 0, 
2055, 4, eco1, 0, 9.71, 9.61, 24.12, 122.8, 1, -99, 9.35, -99, -99, -99, -99, -99, -99, -99, 0, 
2055, 5, eco1, 0, 8.94, 16.81, 29.99, 64.77, 0.98, -99, 7.22, -99, -99, -99, -99, -99, -99, -99, 0, 
2055, 6, eco1, 0, 12.49, 20.98, 32.33, 56.42, 0.84, -99, 6.25, -99, -99, -99, -99, -99, -99, -99, 0, 
2055, 7, eco1, 0, 16.61, 22.66, 33.69, 145.4, 0.8, -99, 8.02, -99, -99, -99, -99, -99, -99, -99, 0, 
2055, 8, eco1, 0, 11.96, 19.84, 32.71, 74.44, 0.99, -99, 6.99, -99, -99, -99, -99, -99, -99, -99, 0, 
2055, 9, eco1, 0, 18.79, 17.42, 31.01, 45.89, 1.01, -99, 8.12, -99, -99, -99, -99, -99, -99, -99, 0, 
2055, 10, eco1, 0, 12.67, 9.87, 25.68, 16.74, 0.94, -99, 10.28, -99, -99, -99, -99, -99, -99, -99, 0, 
2055, 11, eco1, 0, 10.05, 4.25, 17.67, 20.31, 1.07, -99, 14.22, -99, -99, -99, -99, -99, -99, -99, 0, 
2055, 12, eco1, 0, 11.15, 0.26, 12.91, 8.61, 1.19, -99, 10.94, -99, -99, -99, -99, -99, -99, -99, 0, 
2054, 1, eco1, 0, 2.21, -1.16, 11.82, 1.77, 0.96, -99, 13.48, -99, -99, -99, -99, -99, -99, -99, 0, 
2054, 2, eco1, 0, 8.79, 2.94, 15.7, 4.51, 1.17, -99, 11.39, -99, -99, -99, -99, -99, -99, -99, 0, 
2054, 3, eco1, 0, 7.2, 8.55, 22.94, 5.28, 1, -99, 8.31, -99, -99, -99, -99, -99, -99, -99, 0, 
2054, 4, eco1, 0, 16.62, 11.33, 23.62, 114.56, 1.13, -99, 9.07, -99, -99, -99, -99, -99, -99, -99, 0, 
2054, 5, eco1, 0, 1.69, 16.71, 31.92, 3.83, 0.92, -99, 6.5, -99, -99, -99, -99, -99, -99, -99, 0, 
2054, 6, eco1, 0, 11.95, 21.95, 34.81, 45.85, 0.87, -99, 5.8, -99, -99, -99, -99, -99, -99, -99, 0, 
2054, 7, eco1, 0, 11.18, 20.99, 34.12, 34.92, 0.91, -99, 6.44, -99, -99, -99, -99, -99, -99, -99, 0, 
2054, 8, eco1, 0, 10.37, 19.25, 33.1, 11.93, 1.07, -99, 8.56, -99, -99, -99, -99, -99, -99, -99, 0, 
2054, 9, eco1, 0, 11.58, 14.94, 29.68, 14.27, 0.98, -99, 9.15, -99, -99, -99, -99, -99, -99, -99, 0, 
2054, 10, eco1, 0, 10.04, 7.55, 24.28, 9.28, 1.11, -99, 9.36, -99, -99, -99, -99, -99, -99, -99, 0, 
2054, 11, eco1, 0, 5.72, 4.92, 19.53, 5.48, 1.13, -99, 14.04, -99, -99, -99, -99, -99, -99, -99, 0, 
2054, 12, eco1, 0, 7.68, 2.77, 16.02, 43.47, 1.14, -99, 14.84, -99, -99, -99, -99, -99, -99, -99, 0, 
2053, 1, eco1, 0, 11.14, 2.65, 15.14, 14.38, 1.17, -99, 11.95, -99, -99, -99, -99, -99, -99, -99, 0, 
2053, 2, eco1, 0, 3.88, 1.06, 15.5, 2.47, 1.17, -99, 10.65, -99, -99, -99, -99, -99, -99, -99, 0, 
2053, 3, eco1, 0, 5.83, 5.78, 21.19, 7.61, 1.09, -99, 8.11, -99, -99, -99, -99, -99, -99, -99, 0, 
2053, 4, eco1, 0, 11.19, 9.93, 25.15, 23.39, 1.09, -99, 8.03, -99, -99, -99, -99, -99, -99, -99, 0, 
2053, 5, eco1, 0, 11.42, 19.04, 29.26, 184.11, 0.92, -99, 7.5, -99, -99, -99, -99, -99, -99, -99, 0, 
2053, 6, eco1, 0, 21.06, 21.09, 34.29, 657.44, 0.88, -99, 5.17, -99, -99, -99, -99, -99, -99, -99, 0, 
2053, 7, eco1, 0, 19.39, 22.49, 33.03, 130.6, 0.89, -99, 9.01, -99, -99, -99, -99, -99, -99, -99, 0, 
2053, 8, eco1, 0, 9.43, 18.59, 33.55, 20.97, 0.91, -99, 7.98, -99, -99, -99, -99, -99, -99, -99, 0, 
2053, 9, eco1, 0, 11.61, 15.35, 28.91, 35.47, 1.02, -99, 9.8, -99, -99, -99, -99, -99, -99, -99, 0, 
2053, 10, eco1, 0, 18.51, 9.32, 23.53, 56.13, 1.08, -99, 10.99, -99, -99, -99, -99, -99, -99, -99, 0, 
2053, 11, eco1, 0, 11.13, 3.36, 18.66, 7.58, 1.17, -99, 11.63, -99, -99, -99, -99, -99, -99, -99, 0, 
2053, 12, eco1, 0, 2.51, 0.02, 15.22, 1.4, 1.09, -99, 13.22, -99, -99, -99, -99, -99, -99, -99, 0, 
2052, 1, eco1, 0, 8.38, -2.3, 9.68, 9.11, 1.02, -99, 11.37, -99, -99, -99, -99, -99, -99, -99, 0, 
2052, 2, eco1, 0, 2.85, -1.02, 13.2, 1.39, 1.12, -99, 10.58, -99, -99, -99, -99, -99, -99, -99, 0, 
2052, 3, eco1, 0, 8.86, 3.32, 18.69, 13.74, 0.97, -99, 10.34, -99, -99, -99, -99, -99, -99, -99, 0, 
2052, 4, eco1, 0, 0.84, 8.35, 25.74, 1.15, 0.95, -99, 7.59, -99, -99, -99, -99, -99, -99, -99, 0, 
2052, 5, eco1, 0, 12.62, 16.05, 28.9, 42.77, 1.01, -99, 9.46, -99, -99, -99, -99, -99, -99, -99, 0, 
2052, 6, eco1, 0, 9.71, 20.41, 33.2, 56.43, 1, -99, 6.28, -99, -99, -99, -99, -99, -99, -99, 0, 
2052, 7, eco1, 0, 20.98, 20.71, 33.04, 77.89, 0.89, -99, 6.87, -99, -99, -99, -99, -99, -99, -99, 0, 
2052, 8, eco1, 0, 8.28, 18.69, 33.12, 38.22, 0.96, -99, 7.09, -99, -99, -99, -99, -99, -99, -99, 0, 
2052, 9, eco1, 0, 14.32, 14.9, 29.72, 77.62, 1, -99, 9.56, -99, -99, -99, -99, -99, -99, -99, 0, 
2052, 10, eco1, 0, 2.32, 9.93, 24.57, 2.34, 0.89, -99, 11.94, -99, -99, -99, -99, -99, -99, -99, 0, 
2052, 11, eco1, 0, 5.94, 1.44, 15.59, 1.91, 1, -99, 12.04, -99, -99, -99, -99, -99, -99, -99, 0, 
2052, 12, eco1, 0, 1, -2.6, 11.34, 0.5, 1.16, -99, 12.31, -99, -99, -99, -99, -99, -99, -99, 0, 
2051, 1, eco1, 0, 14.86, -1.27, 11.4, 19.13, 1.1, -99, 14.02, -99, -99, -99, -99, -99, -99, -99, 0, 
2051, 2, eco1, 0, 9.68, 1.14, 13.44, 16.76, 1.14, -99, 14.83, -99, -99, -99, -99, -99, -99, -99, 0, 
2051, 3, eco1, 0, 12.48, 6.79, 20.11, 17.56, 1.13, -99, 10.07, -99, -99, -99, -99, -99, -99, -99, 0, 
2051, 4, eco1, 0, 19.94, 15.58, 26.14, 116.63, 1.07, -99, 9.16, -99, -99, -99, -99, -99, -99, -99, 0, 
2051, 5, eco1, 0, 17.79, 17.2, 31, 129.51, 1.11, -99, 6.66, -99, -99, -99, -99, -99, -99, -99, 0, 
2051, 6, eco1, 0, 18.86, 21.48, 34.42, 168.5, 0.93, -99, 7.35, -99, -99, -99, -99, -99, -99, -99, 0, 
2051, 7, eco1, 0, 12.18, 21.81, 36.13, 134.55, 0.9, -99, 5.26, -99, -99, -99, -99, -99, -99, -99, 0, 
2051, 8, eco1, 0, 8.93, 19.56, 33.3, 64.29, 0.89, -99, 6.11, -99, -99, -99, -99, -99, -99, -99, 0, 
2051, 9, eco1, 0, 10.62, 17.13, 30.17, 58.27, 0.94, -99, 8.36, -99, -99, -99, -99, -99, -99, -99, 0, 
2051, 10, eco1, 0, 12.11, 10.26, 25.65, 13.76, 1, -99, 8.15, -99, -99, -99, -99, -99, -99, -99, 0, 
2051, 11, eco1, 0, 22.91, 4.68, 17.39, 23.26, 1.25, -99, 12.08, -99, -99, -99, -99, -99, -99, -99, 0, 
2051, 12, eco1, 0, 21.96, 4.99, 18.2, 34.31, 1.27, -99, 12.09, -99, -99, -99, -99, -99, -99, -99, 0, 
2050, 1, eco1, 0, 6.68, -3.6, 8.88, 3.25, 1.15, -99, 11.36, -99, -99, -99, -99, -99, -99, -99, 0, 
2050, 2, eco1, 0, 11.62, 0.63, 12.87, 10.59, 1.16, -99, 11.28, -99, -99, -99, -99, -99, -99, -99, 0, 
2050, 3, eco1, 0, 2.95, 1.3, 18.15, 3.11, 1.08, -99, 8.86, -99, -99, -99, -99, -99, -99, -99, 0, 
2050, 4, eco1, 0, 6.75, 8.63, 24.4, 19.34, 0.94, -99, 7.54, -99, -99, -99, -99, -99, -99, -99, 0, 
2050, 5, eco1, 0, 25.19, 15.89, 28.21, 69.54, 1.13, -99, 8.23, -99, -99, -99, -99, -99, -99, -99, 0, 
2050, 6, eco1, 0, 7.32, 19.87, 34.36, 70.33, 1, -99, 7.25, -99, -99, -99, -99, -99, -99, -99, 0, 
2050, 7, eco1, 0, 8.89, 20.08, 34.1, 42.88, 0.96, -99, 9.08, -99, -99, -99, -99, -99, -99, -99, 0, 
2050, 8, eco1, 0, 24.61, 19.26, 30.97, 336.44, 0.95, -99, 8.11, -99, -99, -99, -99, -99, -99, -99, 0, 
2050, 9, eco1, 0, 5.98, 14.93, 29.69, 4.95, 0.96, -99, 8.97, -99, -99, -99, -99, -99, -99, -99, 0, 
2050, 10, eco1, 0, 7.12, 9.61, 24.46, 6.57, 1.2, -99, 10.26, -99, -99, -99, -99, -99, -99, -99, 0, 
2050, 11, eco1, 0, 12.81, 3, 17.31, 14.22, 1.13, -99, 10.7, -99, -99, -99, -99, -99, -99, -99, 0, 
2050, 12, eco1, 0, 15.33, 4.11, 16.9, 40.67, 1.15, -99, 11.33, -99, -99, -99, -99, -99, -99, -99, 0, 
2049, 1, eco1, 0, 16.26, 0.57, 13.27, 12.71, 1.18, -99, 9.5, -99, -99, -99, -99, -99, -99, -99, 0, 
2049, 2, eco1, 0, 14.6, 1.66, 12.53, 75.93, 1.22, -99, 10.18, -99, -99, -99, -99, -99, -99, -99, 0, 
2049, 3, eco1, 0, 7.96, 1.74, 16.32, 16.91, 1.1, -99, 11.33, -99, -99, -99, -99, -99, -99, -99, 0, 
2049, 4, eco1, 0, 7.2, 8.85, 24.8, 27.23, 1.1, -99, 9.09, -99, -99, -99, -99, -99, -99, -99, 0, 
2049, 5, eco1, 0, 9.86, 15.25, 28.6, 37.86, 1.01, -99, 9.74, -99, -99, -99, -99, -99, -99, -99, 0, 
2049, 6, eco1, 0, 5.15, 20.82, 33.59, 28.26, 0.96, -99, 8.31, -99, -99, -99, -99, -99, -99, -99, 0, 
2049, 7, eco1, 0, 14.92, 21.6, 34.23, 152.44, 0.92, -99, 7.79, -99, -99, -99, -99, -99, -99, -99, 0, 
2049, 8, eco1, 0, 12.86, 19.28, 31.64, 31.53, 0.98, -99, 6.94, -99, -99, -99, -99, -99, -99, -99, 0, 
2049, 9, eco1, 0, 12.83, 16.47, 29.51, 54.74, 0.99, -99, 8.52, -99, -99, -99, -99, -99, -99, -99, 0, 
2049, 10, eco1, 0, 7.91, 8.01, 24.05, 18.79, 1.06, -99, 9.73, -99, -99, -99, -99, -99, -99, -99, 0, 
2049, 11, eco1, 0, 8.36, 7.18, 21.87, 16.1, 1.08, -99, 11.28, -99, -99, -99, -99, -99, -99, -99, 0, 
2049, 12, eco1, 0, 10.85, 0.95, 15.05, 26.04, 1.2, -99, 13.08, -99, -99, -99, -99, -99, -99, -99, 0, 
2048, 1, eco1, 0, 6.5, 0.77, 13.53, 4.72, 1.12, -99, 13.52, -99, -99, -99, -99, -99, -99, -99, 0, 
2048, 2, eco1, 0, 4.69, 0.98, 14.29, 9.51, 1.11, -99, 11.38, -99, -99, -99, -99, -99, -99, -99, 0, 
2048, 3, eco1, 0, 11.25, 3.57, 17.45, 60.96, 1.08, -99, 14.49, -99, -99, -99, -99, -99, -99, -99, 0, 
2048, 4, eco1, 0, 9.43, 11.01, 24.42, 55.68, 0.92, -99, 11.79, -99, -99, -99, -99, -99, -99, -99, 0, 
2048, 5, eco1, 0, 15.23, 16.13, 27.61, 139.56, 0.95, -99, 7.37, -99, -99, -99, -99, -99, -99, -99, 0, 
2048, 6, eco1, 0, 13.97, 22.07, 33.64, 32.54, 0.94, -99, 6.44, -99, -99, -99, -99, -99, -99, -99, 0, 
2048, 7, eco1, 0, 8.2, 21.76, 34.6, 25.56, 0.93, -99, 8.34, -99, -99, -99, -99, -99, -99, -99, 0, 
2048, 8, eco1, 0, 11.83, 20.33, 34.25, 46.5, 0.99, -99, 6.62, -99, -99, -99, -99, -99, -99, -99, 0, 
2048, 9, eco1, 0, 15.37, 17.1, 32.09, 118.03, 0.96, -99, 7.28, -99, -99, -99, -99, -99, -99, -99, 0, 
2048, 10, eco1, 0, 9.72, 9.32, 24.04, 8.72, 1.2, -99, 10.8, -99, -99, -99, -99, -99, -99, -99, 0, 
2048, 11, eco1, 0, 18.56, 7.26, 20.97, 16.66, 1.2, -99, 11.22, -99, -99, -99, -99, -99, -99, -99, 0, 
2048, 12, eco1, 0, 14.5, 2.57, 15.6, 25.18, 1.27, -99, 10.25, -99, -99, -99, -99, -99, -99, -99, 0, 
2047, 1, eco1, 0, 4.78, 2.75, 15.83, 3.47, 1.02, -99, 11.64, -99, -99, -99, -99, -99, -99, -99, 0, 
2047, 2, eco1, 0, 14.1, 0.91, 13.63, 53.71, 1.04, -99, 11.18, -99, -99, -99, -99, -99, -99, -99, 0, 
2047, 3, eco1, 0, 5.23, 9.56, 23.79, 2.26, 0.98, -99, 8.68, -99, -99, -99, -99, -99, -99, -99, 0, 
2047, 4, eco1, 0, 0.89, 8.67, 24.64, 0.66, 0.94, -99, 7.89, -99, -99, -99, -99, -99, -99, -99, 0, 
2047, 5, eco1, 0, 13.51, 17.2, 30.77, 66.53, 0.99, -99, 7.15, -99, -99, -99, -99, -99, -99, -99, 0, 
2047, 6, eco1, 0, 16.13, 21.76, 34.44, 54.62, 0.87, -99, 6.36, -99, -99, -99, -99, -99, -99, -99, 0, 
2047, 7, eco1, 0, 5.51, 20.94, 33.28, 12.63, 0.93, -99, 6.5, -99, -99, -99, -99, -99, -99, -99, 0, 
2047, 8, eco1, 0, 10.46, 19.58, 32.33, 45.74, 0.99, -99, 7.5, -99, -99, -99, -99, -99, -99, -99, 0, 
2047, 9, eco1, 0, 10.02, 13.15, 25.73, 43.49, 1.04, -99, 10.26, -99, -99, -99, -99, -99, -99, -99, 0, 
2047, 10, eco1, 0, 3.72, 12.15, 25.62, 7.91, 0.91, -99, 12.05, -99, -99, -99, -99, -99, -99, -99, 0, 
2047, 11, eco1, 0, 6.87, 4.98, 20.17, 2.9, 1.1, -99, 10.49, -99, -99, -99, -99, -99, -99, -99, 0, 
2047, 12, eco1, 0, 5.47, -2.46, 10.52, 3.72, 1.09, -99, 9.89, -99, -99, -99, -99, -99, -99, -99, 0, 
2046, 1, eco1, 0, 21.43, -1.27, 8.97, 49.35, 1.2, -99, 10.4, -99, -99, -99, -99, -99, -99, -99, 0, 
2046, 2, eco1, 0, 11.4, 6.58, 18.74, 12.55, 1.06, -99, 10.65, -99, -99, -99, -99, -99, -99, -99, 0, 
2046, 3, eco1, 0, 13.81, 10.09, 21.39, 19.53, 1, -99, 9.38, -99, -99, -99, -99, -99, -99, -99, 0, 
2046, 4, eco1, 0, 16.33, 12.73, 25.86, 44.17, 1.04, -99, 9.16, -99, -99, -99, -99, -99, -99, -99, 0, 
2046, 5, eco1, 0, 14.91, 19.96, 31.84, 42.81, 0.92, -99, 5.39, -99, -99, -99, -99, -99, -99, -99, 0, 
2046, 6, eco1, 0, 9.68, 20.92, 36.69, 35.4, 0.95, -99, 6.75, -99, -99, -99, -99, -99, -99, -99, 0, 
2046, 7, eco1, 0, 13.39, 21.39, 35.39, 100.56, 0.96, -99, 6.65, -99, -99, -99, -99, -99, -99, -99, 0, 
2046, 8, eco1, 0, 13.39, 20.91, 36.49, 95.41, 0.97, -99, 6.53, -99, -99, -99, -99, -99, -99, -99, 0, 
2046, 9, eco1, 0, 8.05, 17.51, 33.19, 64.64, 0.9, -99, 7.97, -99, -99, -99, -99, -99, -99, -99, 0, 
2046, 10, eco1, 0, 9.6, 13.29, 28.45, 18.69, 1.14, -99, 10.3, -99, -99, -99, -99, -99, -99, -99, 0, 
2046, 11, eco1, 0, 5.11, 5.8, 21.26, 6.35, 1.03, -99, 11.59, -99, -99, -99, -99, -99, -99, -99, 0, 
2046, 12, eco1, 0, 3.69, 4.94, 18.9, 1.86, 1.15, -99, 14.15, -99, -99, -99, -99, -99, -99, -99, 0, 
2045, 1, eco1, 0, 5.06, 1.06, 15.13, 3.36, 1.18, -99, 11.92, -99, -99, -99, -99, -99, -99, -99, 0, 
2045, 2, eco1, 0, 2.75, -3.25, 10.98, 2.26, 1.02, -99, 10.07, -99, -99, -99, -99, -99, -99, -99, 0, 
2045, 3, eco1, 0, 5.9, 3.25, 18.21, 19.49, 1.07, -99, 12.19, -99, -99, -99, -99, -99, -99, -99, 0, 
2045, 4, eco1, 0, 9.29, 11.75, 25.75, 33.18, 0.96, -99, 9.62, -99, -99, -99, -99, -99, -99, -99, 0, 
2045, 5, eco1, 0, 8.02, 18.57, 29.71, 42, 0.95, -99, 8.11, -99, -99, -99, -99, -99, -99, -99, 0, 
2045, 6, eco1, 0, 10.77, 23.46, 36.71, 33.11, 0.9, -99, 5.36, -99, -99, -99, -99, -99, -99, -99, 0, 
2045, 7, eco1, 0, 7.38, 21.94, 35.09, 36.06, 0.86, -99, 5.39, -99, -99, -99, -99, -99, -99, -99, 0, 
2045, 8, eco1, 0, 10.15, 21.01, 32.78, 58.53, 0.93, -99, 8.77, -99, -99, -99, -99, -99, -99, -99, 0, 
2045, 9, eco1, 0, 5.2, 15, 30.03, 4.74, 0.91, -99, 7.92, -99, -99, -99, -99, -99, -99, -99, 0, 
2045, 10, eco1, 0, 4.82, 8.32, 23.76, 8.42, 0.94, -99, 11.42, -99, -99, -99, -99, -99, -99, -99, 0, 
2045, 11, eco1, 0, 11.57, 3.68, 18.02, 20.02, 1.09, -99, 11.36, -99, -99, -99, -99, -99, -99, -99, 0, 
2045, 12, eco1, 0, 8, -2.81, 11.13, 11.21, 1.09, -99, 11.52, -99, -99, -99, -99, -99, -99, -99, 0, 
2044, 1, eco1, 0, 10.93, -1.88, 8.8, 10.68, 0.96, -99, 14.19, -99, -99, -99, -99, -99, -99, -99, 0, 
2044, 2, eco1, 0, 16.34, 0.54, 12.59, 20.39, 1.02, -99, 12.71, -99, -99, -99, -99, -99, -99, -99, 0, 
2044, 3, eco1, 0, 15.02, 3.82, 17.72, 21.95, 1.03, -99, 12.02, -99, -99, -99, -99, -99, -99, -99, 0, 
2044, 4, eco1, 0, 8.07, 11.67, 24.16, 34.51, 1.08, -99, 9.48, -99, -99, -99, -99, -99, -99, -99, 0, 
2044, 5, eco1, 0, 6.5, 18.22, 30.94, 25.7, 0.87, -99, 6.28, -99, -99, -99, -99, -99, -99, -99, 0, 
2044, 6, eco1, 0, 13.52, 19.58, 33.53, 47.75, 0.89, -99, 6.95, -99, -99, -99, -99, -99, -99, -99, 0, 
2044, 7, eco1, 0, 11.93, 20.51, 31.99, 62.29, 0.92, -99, 7.31, -99, -99, -99, -99, -99, -99, -99, 0, 
2044, 8, eco1, 0, 22.55, 20.18, 32.13, 57.73, 0.91, -99, 7.22, -99, -99, -99, -99, -99, -99, -99, 0, 
2044, 9, eco1, 0, 18.98, 12.38, 27.19, 56.51, 1.02, -99, 8.9, -99, -99, -99, -99, -99, -99, -99, 0, 
2044, 10, eco1, 0, 12.41, 10.78, 23.07, 12.6, 1.14, -99, 11.08, -99, -99, -99, -99, -99, -99, -99, 0, 
2044, 11, eco1, 0, 12.7, 3.47, 17.11, 25.52, 1.12, -99, 11.05, -99, -99, -99, -99, -99, -99, -99, 0, 
2044, 12, eco1, 0, 5.13, 0.07, 13.48, 6.72, 1.16, -99, 12.58, -99, -99, -99, -99, -99, -99, -99, 0, 
2043, 1, eco1, 0, 6.96, -1.79, 10.71, 5.93, 1.03, -99, 10.14, -99, -99, -99, -99, -99, -99, -99, 0, 
2043, 2, eco1, 0, 4.92, -0.59, 13.32, 4.5, 1.09, -99, 10.51, -99, -99, -99, -99, -99, -99, -99, 0, 
2043, 3, eco1, 0, 5.77, 4.51, 19.99, 5.62, 1.1, -99, 10.64, -99, -99, -99, -99, -99, -99, -99, 0, 
2043, 4, eco1, 0, 2.28, 11.07, 25.75, 4.74, 0.97, -99, 6.85, -99, -99, -99, -99, -99, -99, -99, 0, 
2043, 5, eco1, 0, 8.25, 16.43, 30.2, 17.68, 0.94, -99, 5.46, -99, -99, -99, -99, -99, -99, -99, 0, 
2043, 6, eco1, 0, 7.42, 20.85, 32.75, 51.57, 0.99, -99, 6.86, -99, -99, -99, -99, -99, -99, -99, 0, 
2043, 7, eco1, 0, 11.33, 22.53, 35.49, 37.14, 0.99, -99, 5.94, -99, -99, -99, -99, -99, -99, -99, 0, 
2043, 8, eco1, 0, 8.97, 17.41, 31.56, 21.21, 1.03, -99, 7.88, -99, -99, -99, -99, -99, -99, -99, 0, 
2043, 9, eco1, 0, 18.72, 13.56, 26.4, 54.82, 1, -99, 9.08, -99, -99, -99, -99, -99, -99, -99, 0, 
2043, 10, eco1, 0, 15.83, 8.51, 21.52, 24.22, 1.12, -99, 12.41, -99, -99, -99, -99, -99, -99, -99, 0, 
2043, 11, eco1, 0, 18.5, 5.02, 16.96, 32.33, 1.13, -99, 11.26, -99, -99, -99, -99, -99, -99, -99, 0, 
2043, 12, eco1, 0, 1.6, 0.69, 15.51, 2.67, 1.01, -99, 9.29, -99, -99, -99, -99, -99, -99, -99, 0, 
2042, 1, eco1, 0, 13.61, 0.18, 11.78, 13.87, 1.14, -99, 11.96, -99, -99, -99, -99, -99, -99, -99, 0, 
2042, 2, eco1, 0, 8.76, 3.05, 16.04, 16.03, 1.16, -99, 11.28, -99, -99, -99, -99, -99, -99, -99, 0, 
2042, 3, eco1, 0, 4.43, 4.85, 20.28, 8.29, 0.94, -99, 9.97, -99, -99, -99, -99, -99, -99, -99, 0, 
2042, 4, eco1, 0, 5.64, 8.15, 23.06, 3.95, 1.04, -99, 11.35, -99, -99, -99, -99, -99, -99, -99, 0, 
2042, 5, eco1, 0, 8.19, 16.51, 28.9, 35.19, 0.9, -99, 6.81, -99, -99, -99, -99, -99, -99, -99, 0, 
2042, 6, eco1, 0, 11.9, 18.65, 31.73, 37.39, 0.95, -99, 6.85, -99, -99, -99, -99, -99, -99, -99, 0, 
2042, 7, eco1, 0, 22.62, 21.65, 34.53, 521.02, 0.84, -99, 6.51, -99, -99, -99, -99, -99, -99, -99, 0, 
2042, 8, eco1, 0, 12.59, 21.28, 33.78, 44.88, 0.91, -99, 8.27, -99, -99, -99, -99, -99, -99, -99, 0, 
2042, 9, eco1, 0, 13.53, 12.59, 26.98, 25.64, 0.94, -99, 9.14, -99, -99, -99, -99, -99, -99, -99, 0, 
2042, 10, eco1, 0, 6.87, 7.59, 23.41, 11.21, 1.07, -99, 9.54, -99, -99, -99, -99, -99, -99, -99, 0, 
2042, 11, eco1, 0, 8.54, 3.84, 18.3, 10.21, 1.05, -99, 12.22, -99, -99, -99, -99, -99, -99, -99, 0, 
2042, 12, eco1, 0, 5.92, -1.47, 13.64, 9.14, 1, -99, 9.73, -99, -99, -99, -99, -99, -99, -99, 0, 
2041, 1, eco1, 0, 8.05, 0.96, 13.13, 6, 1.17, -99, 11.73, -99, -99, -99, -99, -99, -99, -99, 0, 
2041, 2, eco1, 0, 6.15, -0.22, 12.21, 17.77, 1.18, -99, 13.5, -99, -99, -99, -99, -99, -99, -99, 0, 
2041, 3, eco1, 0, 11.15, 4.37, 17.95, 18.23, 1.07, -99, 10.48, -99, -99, -99, -99, -99, -99, -99, 0, 
2041, 4, eco1, 0, 6.92, 10.75, 25.21, 21.41, 1.04, -99, 8.2, -99, -99, -99, -99, -99, -99, -99, 0, 
2041, 5, eco1, 0, 23.36, 14.74, 28.55, 494.17, 1.02, -99, 9.58, -99, -99, -99, -99, -99, -99, -99, 0, 
2041, 6, eco1, 0, 7.88, 21.32, 34.74, 29.72, 0.89, -99, 6.14, -99, -99, -99, -99, -99, -99, -99, 0, 
2041, 7, eco1, 0, 19.6, 21.34, 33.01, 54.05, 0.84, -99, 8.98, -99, -99, -99, -99, -99, -99, -99, 0, 
2041, 8, eco1, 0, 13.93, 18.39, 32.05, 205.78, 0.96, -99, 6.68, -99, -99, -99, -99, -99, -99, -99, 0, 
2041, 9, eco1, 0, 8.38, 14.1, 29.55, 12.76, 1.01, -99, 9.08, -99, -99, -99, -99, -99, -99, -99, 0, 
2041, 10, eco1, 0, 5.41, 11.72, 29.28, 24.57, 1.18, -99, 9.36, -99, -99, -99, -99, -99, -99, -99, 0, 
2041, 11, eco1, 0, 9.29, 9.17, 23.51, 28.54, 1.17, -99, 10.71, -99, -99, -99, -99, -99, -99, -99, 0, 
2041, 12, eco1, 0, 12.93, 0.55, 13.57, 35.5, 1.21, -99, 11.23, -99, -99, -99, -99, -99, -99, -99, 0, 
2040, 1, eco1, 0, 6.07, -0.33, 12.53, 4.54, 1.03, -99, 13.19, -99, -99, -99, -99, -99, -99, -99, 0, 
2040, 2, eco1, 0, 6.08, -0.96, 11.95, 6.83, 1.1, -99, 11.86, -99, -99, -99, -99, -99, -99, -99, 0, 
2040, 3, eco1, 0, 11.29, 6.24, 20.98, 11.4, 1.09, -99, 9.42, -99, -99, -99, -99, -99, -99, -99, 0, 
2040, 4, eco1, 0, 7.1, 10.99, 25.56, 11.92, 0.94, -99, 8.82, -99, -99, -99, -99, -99, -99, -99, 0, 
2040, 5, eco1, 0, 8.78, 20.99, 33.03, 53.85, 0.91, -99, 6.24, -99, -99, -99, -99, -99, -99, -99, 0, 
2040, 6, eco1, 0, 17.77, 22.56, 34.49, 36.74, 0.86, -99, 7.81, -99, -99, -99, -99, -99, -99, -99, 0, 
2040, 7, eco1, 0, 21.15, 21.75, 33.42, 96.64, 0.9, -99, 8.72, -99, -99, -99, -99, -99, -99, -99, 0, 
2040, 8, eco1, 0, 8.15, 20.65, 34.37, 27.44, 0.84, -99, 7.9, -99, -99, -99, -99, -99, -99, -99, 0, 
2040, 9, eco1, 0, 11.67, 14.17, 29.55, 33.06, 1.03, -99, 8.89, -99, -99, -99, -99, -99, -99, -99, 0, 
2040, 10, eco1, 0, 19.31, 9.16, 23.19, 20.45, 1.08, -99, 9.88, -99, -99, -99, -99, -99, -99, -99, 0, 
2040, 11, eco1, 0, 20.03, 2.86, 16.21, 24.33, 1.1, -99, 11.92, -99, -99, -99, -99, -99, -99, -99, 0, 
2040, 12, eco1, 0, 1.65, -1.27, 14.46, 4.95, 1.04, -99, 11.61, -99, -99, -99, -99, -99, -99, -99, 0, 
2039, 1, eco1, 0, 3.09, 1.01, 14.73, 2.32, 1.19, -99, 11.8, -99, -99, -99, -99, -99, -99, -99, 0, 
2039, 2, eco1, 0, 11.94, 0.91, 13.7, 36.96, 1.03, -99, 12.8, -99, -99, -99, -99, -99, -99, -99, 0, 
2039, 3, eco1, 0, 15.31, 5.65, 18.15, 20.16, 1.18, -99, 12.68, -99, -99, -99, -99, -99, -99, -99, 0, 
2039, 4, eco1, 0, 7.05, 7.86, 22.79, 16.86, 0.99, -99, 9.63, -99, -99, -99, -99, -99, -99, -99, 0, 
2039, 5, eco1, 0, 10.46, 19.14, 33.32, 127.4, 0.92, -99, 6.65, -99, -99, -99, -99, -99, -99, -99, 0, 
2039, 6, eco1, 0, 12.3, 21.16, 35.45, 52.77, 0.89, -99, 6.15, -99, -99, -99, -99, -99, -99, -99, 0, 
2039, 7, eco1, 0, 14.47, 22.58, 36.31, 359.82, 1.01, -99, 7.02, -99, -99, -99, -99, -99, -99, -99, 0, 
2039, 8, eco1, 0, 18.98, 20.75, 34.71, 193.01, 1.03, -99, 6.44, -99, -99, -99, -99, -99, -99, -99, 0, 
2039, 9, eco1, 0, 6.63, 14.68, 31.54, 70.86, 1.06, -99, 8.3, -99, -99, -99, -99, -99, -99, -99, 0, 
2039, 10, eco1, 0, 8.13, 11.69, 26.75, 7.44, 0.96, -99, 9.33, -99, -99, -99, -99, -99, -99, -99, 0, 
2039, 11, eco1, 0, 7.52, 7.2, 22.28, 10.24, 1.1, -99, 13.53, -99, -99, -99, -99, -99, -99, -99, 0, 
2039, 12, eco1, 0, 6.27, -0.04, 14.35, 3.02, 1.19, -99, 13, -99, -99, -99, -99, -99, -99, -99, 0, 
2038, 1, eco1, 0, 6.46, -0.35, 11.43, 5.46, 1.22, -99, 12.41, -99, -99, -99, -99, -99, -99, -99, 0, 
2038, 2, eco1, 0, 5.79, 0.39, 13.25, 2.49, 1.14, -99, 10.47, -99, -99, -99, -99, -99, -99, -99, 0, 
2038, 3, eco1, 0, 4.37, 4.37, 19.11, 7.79, 1.08, -99, 10.7, -99, -99, -99, -99, -99, -99, -99, 0, 
2038, 4, eco1, 0, 2.47, 14.42, 28.35, 20.42, 1.07, -99, 6.9, -99, -99, -99, -99, -99, -99, -99, 0, 
2038, 5, eco1, 0, 3.16, 18.91, 31.62, 9.66, 0.94, -99, 4.86, -99, -99, -99, -99, -99, -99, -99, 0, 
2038, 6, eco1, 0, 8.18, 20.28, 32.8, 54.34, 0.95, -99, 7.11, -99, -99, -99, -99, -99, -99, -99, 0, 
2038, 7, eco1, 0, 7.61, 20.61, 32.82, 23.45, 0.9, -99, 7.63, -99, -99, -99, -99, -99, -99, -99, 0, 
2038, 8, eco1, 0, 2.55, 19.68, 32.82, 4.83, 0.93, -99, 6.4, -99, -99, -99, -99, -99, -99, -99, 0, 
2038, 9, eco1, 0, 8.51, 16.92, 30.32, 42.93, 0.99, -99, 9.25, -99, -99, -99, -99, -99, -99, -99, 0, 
2038, 10, eco1, 0, 9.8, 8.59, 25.02, 9.09, 1.14, -99, 11.11, -99, -99, -99, -99, -99, -99, -99, 0, 
2038, 11, eco1, 0, 21, 3.81, 17.82, 56.48, 1.06, -99, 12.05, -99, -99, -99, -99, -99, -99, -99, 0, 
2038, 12, eco1, 0, 16.78, 2.15, 15.59, 42.44, 1.11, -99, 12.69, -99, -99, -99, -99, -99, -99, -99, 0, 
2037, 1, eco1, 0, 12.56, 1.45, 14.11, 17.15, 1.08, -99, 11.29, -99, -99, -99, -99, -99, -99, -99, 0, 
2037, 2, eco1, 0, 18.5, 1.08, 12.42, 31.75, 1.25, -99, 10.08, -99, -99, -99, -99, -99, -99, -99, 0, 
2037, 3, eco1, 0, 14.04, 3.58, 17.43, 35.18, 1.14, -99, 12.03, -99, -99, -99, -99, -99, -99, -99, 0, 
2037, 4, eco1, 0, 16.76, 9.89, 23.56, 212.33, 1.13, -99, 7.48, -99, -99, -99, -99, -99, -99, -99, 0, 
2037, 5, eco1, 0, 8.59, 16.17, 30.11, 29.5, 0.97, -99, 7.83, -99, -99, -99, -99, -99, -99, -99, 0, 
2037, 6, eco1, 0, 16.64, 20.87, 33.31, 331.15, 0.89, -99, 6.17, -99, -99, -99, -99, -99, -99, -99, 0, 
2037, 7, eco1, 0, 10.88, 20.91, 33.54, 36.34, 1.01, -99, 6.65, -99, -99, -99, -99, -99, -99, -99, 0, 
2037, 8, eco1, 0, 4.98, 19.36, 33.42, 13.93, 0.94, -99, 7.91, -99, -99, -99, -99, -99, -99, -99, 0, 
2037, 9, eco1, 0, 16.93, 15.28, 27.65, 102.92, 1.05, -99, 8.79, -99, -99, -99, -99, -99, -99, -99, 0, 
2037, 10, eco1, 0, 18.08, 6, 18.63, 34.31, 1, -99, 15.9, -99, -99, -99, -99, -99, -99, -99, 0, 
2037, 11, eco1, 0, 10.33, 4.6, 18.82, 6.99, 1.14, -99, 10.32, -99, -99, -99, -99, -99, -99, -99, 0, 
2037, 12, eco1, 0, 4.68, -3.37, 10.02, 3.99, 1.11, -99, 12.24, -99, -99, -99, -99, -99, -99, -99, 0, 
2036, 1, eco1, 0, 14.17, -0.87, 10.85, 15.93, 1.14, -99, 11.06, -99, -99, -99, -99, -99, -99, -99, 0, 
2036, 2, eco1, 0, 3.49, -1.8, 11.47, 5.53, 1.15, -99, 10.57, -99, -99, -99, -99, -99, -99, -99, 0, 
2036, 3, eco1, 0, 14.1, 4.25, 18.25, 91.64, 1.13, -99, 10.57, -99, -99, -99, -99, -99, -99, -99, 0, 
2036, 4, eco1, 0, 2.48, 13.29, 28.97, 4.11, 0.93, -99, 8.03, -99, -99, -99, -99, -99, -99, -99, 0, 
2036, 5, eco1, 0, 7.94, 17.9, 30.59, 22.94, 0.92, -99, 7.91, -99, -99, -99, -99, -99, -99, -99, 0, 
2036, 6, eco1, 0, 16.7, 20.03, 31.2, 71.56, 0.87, -99, 5.85, -99, -99, -99, -99, -99, -99, -99, 0, 
2036, 7, eco1, 0, 14.21, 20.89, 32.84, 71.58, 0.92, -99, 6.53, -99, -99, -99, -99, -99, -99, -99, 0, 
2036, 8, eco1, 0, 6.73, 21.24, 33.32, 25.99, 0.9, -99, 7.13, -99, -99, -99, -99, -99, -99, -99, 0, 
2036, 9, eco1, 0, 4.73, 15.66, 30.37, 12.06, 0.9, -99, 7.61, -99, -99, -99, -99, -99, -99, -99, 0, 
2036, 10, eco1, 0, 8.99, 6.91, 23.29, 15.02, 0.99, -99, 9.98, -99, -99, -99, -99, -99, -99, -99, 0, 
2036, 11, eco1, 0, 8.65, 3.77, 19.3, 9.23, 1.13, -99, 11.05, -99, -99, -99, -99, -99, -99, -99, 0, 
2036, 12, eco1, 0, 11.17, 2.2, 15.2, 28.5, 1.04, -99, 10.99, -99, -99, -99, -99, -99, -99, -99, 0, 
2035, 1, eco1, 0, 19.62, 5.89, 17.52, 84.2, 1.16, -99, 14.65, -99, -99, -99, -99, -99, -99, -99, 0, 
2035, 2, eco1, 0, 6.18, 0.34, 13.07, 5.39, 1.14, -99, 10.77, -99, -99, -99, -99, -99, -99, -99, 0, 
2035, 3, eco1, 0, 9.37, 6.4, 18.68, 21.97, 1.23, -99, 13.27, -99, -99, -99, -99, -99, -99, -99, 0, 
2035, 4, eco1, 0, 9.51, 12.3, 25.54, 60.3, 1.04, -99, 8.15, -99, -99, -99, -99, -99, -99, -99, 0, 
2035, 5, eco1, 0, 10.23, 19.06, 31.45, 26.87, 0.97, -99, 7.25, -99, -99, -99, -99, -99, -99, -99, 0, 
2035, 6, eco1, 0, 27.42, 20.31, 29.38, 346.19, 0.93, -99, 8.07, -99, -99, -99, -99, -99, -99, -99, 0, 
2035, 7, eco1, 0, 15.54, 20.85, 32.5, 41.82, 0.9, -99, 7.27, -99, -99, -99, -99, -99, -99, -99, 0, 
2035, 8, eco1, 0, 11.88, 18.65, 31.14, 24.37, 1.02, -99, 8.72, -99, -99, -99, -99, -99, -99, -99, 0, 
2035, 9, eco1, 0, 9.03, 13.84, 29.05, 11.37, 0.97, -99, 6.97, -99, -99, -99, -99, -99, -99, -99, 0, 
2035, 10, eco1, 0, 6, 9.76, 25.71, 7.51, 1.03, -99, 10.01, -99, -99, -99, -99, -99, -99, -99, 0, 
2035, 11, eco1, 0, 15.04, 6.71, 20.68, 15.76, 1.05, -99, 10.55, -99, -99, -99, -99, -99, -99, -99, 0, 
2035, 12, eco1, 0, 3.9, -0.24, 14.52, 3.17, 1.07, -99, 12.6, -99, -99, -99, -99, -99, -99, -99, 0, 
2034, 1, eco1, 0, 11.27, 2.96, 15.74, 8.54, 1.2, -99, 14.59, -99, -99, -99, -99, -99, -99, -99, 0, 
2034, 2, eco1, 0, 10.95, 6.65, 18.4, 19.7, 1.19, -99, 10.73, -99, -99, -99, -99, -99, -99, -99, 0, 
2034, 3, eco1, 0, 4.23, 6.8, 21.72, 3.67, 1.12, -99, 9.51, -99, -99, -99, -99, -99, -99, -99, 0, 
2034, 4, eco1, 0, 2.62, 9.45, 24.33, 5.69, 0.91, -99, 10.81, -99, -99, -99, -99, -99, -99, -99, 0, 
2034, 5, eco1, 0, 11.52, 17.66, 30.41, 38.94, 0.97, -99, 6.76, -99, -99, -99, -99, -99, -99, -99, 0, 
2034, 6, eco1, 0, 5.89, 20.53, 33.82, 10.85, 0.89, -99, 5.66, -99, -99, -99, -99, -99, -99, -99, 0, 
2034, 7, eco1, 0, 22.27, 21.68, 34.71, 61.74, 0.92, -99, 8.46, -99, -99, -99, -99, -99, -99, -99, 0, 
2034, 8, eco1, 0, 6.4, 19.47, 33.04, 11.14, 1, -99, 8.19, -99, -99, -99, -99, -99, -99, -99, 0, 
2034, 9, eco1, 0, 13.73, 14.24, 27.78, 24.53, 0.98, -99, 8.22, -99, -99, -99, -99, -99, -99, -99, 0, 
2034, 10, eco1, 0, 5.62, 8.13, 24.4, 17.31, 1.08, -99, 10.65, -99, -99, -99, -99, -99, -99, -99, 0, 
2034, 11, eco1, 0, 10.27, 4.15, 18.12, 21.39, 1.08, -99, 13.24, -99, -99, -99, -99, -99, -99, -99, 0, 
2034, 12, eco1, 0, 6.36, 0.01, 14.91, 5.03, 1.05, -99, 10.56, -99, -99, -99, -99, -99, -99, -99, 0, 
2033, 1, eco1, 0, 4.02, -1.71, 10.97, 1.32, 1.06, -99, 12.72, -99, -99, -99, -99, -99, -99, -99, 0, 
2033, 2, eco1, 0, 13.17, 3.58, 14.88, 25.99, 1.06, -99, 12.46, -99, -99, -99, -99, -99, -99, -99, 0, 
2033, 3, eco1, 0, 7.69, 3.98, 20.09, 6.72, 1.07, -99, 7.68, -99, -99, -99, -99, -99, -99, -99, 0, 
2033, 4, eco1, 0, 11.14, 12.03, 23.82, 26.17, 1.12, -99, 7.75, -99, -99, -99, -99, -99, -99, -99, 0, 
2033, 5, eco1, 0, 10.3, 18.88, 30.37, 73.41, 1.03, -99, 6.09, -99, -99, -99, -99, -99, -99, -99, 0, 
2033, 6, eco1, 0, 8.74, 20.87, 33.34, 27.72, 0.86, -99, 6.58, -99, -99, -99, -99, -99, -99, -99, 0, 
2033, 7, eco1, 0, 10.05, 21.52, 33.78, 31.43, 0.88, -99, 7.5, -99, -99, -99, -99, -99, -99, -99, 0, 
2033, 8, eco1, 0, 21.37, 18.12, 29.4, 101.94, 0.9, -99, 7.88, -99, -99, -99, -99, -99, -99, -99, 0, 
2033, 9, eco1, 0, 10.11, 14.1, 27.66, 17.15, 0.85, -99, 9.4, -99, -99, -99, -99, -99, -99, -99, 0, 
2033, 10, eco1, 0, 5.38, 7.19, 22.43, 6.19, 1.02, -99, 13.31, -99, -99, -99, -99, -99, -99, -99, 0, 
2033, 11, eco1, 0, 7.97, 4.24, 18.58, 8.74, 1.06, -99, 12.34, -99, -99, -99, -99, -99, -99, -99, 0, 
2033, 12, eco1, 0, 7.01, 0.28, 14.73, 13.24, 1.22, -99, 11.9, -99, -99, -99, -99, -99, -99, -99, 0, 
2032, 1, eco1, 0, 13.61, -3.14, 10.01, 10.45, 1.18, -99, 11.26, -99, -99, -99, -99, -99, -99, -99, 0, 
2032, 2, eco1, 0, 12.48, 3.33, 14.58, 12.95, 1.14, -99, 11.63, -99, -99, -99, -99, -99, -99, -99, 0, 
2032, 3, eco1, 0, 9.72, 8.47, 20.98, 16.9, 0.99, -99, 9.09, -99, -99, -99, -99, -99, -99, -99, 0, 
2032, 4, eco1, 0, 10.6, 9.32, 23.18, 19.41, 1.09, -99, 8.74, -99, -99, -99, -99, -99, -99, -99, 0, 
2032, 5, eco1, 0, 18.2, 17.43, 29.51, 160.37, 1.03, -99, 7.22, -99, -99, -99, -99, -99, -99, -99, 0, 
2032, 6, eco1, 0, 3.98, 19.87, 33.35, 32.15, 0.94, -99, 5.11, -99, -99, -99, -99, -99, -99, -99, 0, 
2032, 7, eco1, 0, 6.64, 20.76, 34.35, 33.72, 0.9, -99, 5.92, -99, -99, -99, -99, -99, -99, -99, 0, 
2032, 8, eco1, 0, 10.16, 20.1, 34.23, 52.7, 0.92, -99, 7.8, -99, -99, -99, -99, -99, -99, -99, 0, 
2032, 9, eco1, 0, 8.32, 15.06, 29.14, 10.79, 0.95, -99, 8.84, -99, -99, -99, -99, -99, -99, -99, 0, 
2032, 10, eco1, 0, 7.99, 8.67, 24.36, 10.22, 0.99, -99, 11.4, -99, -99, -99, -99, -99, -99, -99, 0, 
2032, 11, eco1, 0, 14.66, 4.29, 19.37, 14.55, 1.09, -99, 11.53, -99, -99, -99, -99, -99, -99, -99, 0, 
2032, 12, eco1, 0, 14.97, -3.3, 8.46, 23.77, 1.27, -99, 13.74, -99, -99, -99, -99, -99, -99, -99, 0, 
2031, 1, eco1, 0, 13.61, -1.08, 11.46, 8.87, 1.32, -99, 11.96, -99, -99, -99, -99, -99, -99, -99, 0, 
2031, 2, eco1, 0, 7.22, 4.85, 17.28, 66.21, 1.2, -99, 12.82, -99, -99, -99, -99, -99, -99, -99, 0, 
2031, 3, eco1, 0, 8.2, 4.91, 20.43, 13.78, 1.06, -99, 9.02, -99, -99, -99, -99, -99, -99, -99, 0, 
2031, 4, eco1, 0, 12.66, 12.4, 25.17, 14.63, 0.97, -99, 8.75, -99, -99, -99, -99, -99, -99, -99, 0, 
2031, 5, eco1, 0, 22.83, 18.46, 29.68, 138.06, 0.96, -99, 5.59, -99, -99, -99, -99, -99, -99, -99, 0, 
2031, 6, eco1, 0, 7.26, 19.94, 31.73, 24.71, 0.83, -99, 6.62, -99, -99, -99, -99, -99, -99, -99, 0, 
2031, 7, eco1, 0, 12.31, 19.72, 31.71, 71.89, 0.89, -99, 7.52, -99, -99, -99, -99, -99, -99, -99, 0, 
2031, 8, eco1, 0, 16.41, 18.86, 31.4, 131.21, 1.03, -99, 8.12, -99, -99, -99, -99, -99, -99, -99, 0, 
2031, 9, eco1, 0, 9.57, 13.55, 27.68, 15.41, 1.05, -99, 7.79, -99, -99, -99, -99, -99, -99, -99, 0, 
2031, 10, eco1, 0, 6.02, 5.92, 23.45, 22.65, 1.12, -99, 10.8, -99, -99, -99, -99, -99, -99, -99, 0, 
2031, 11, eco1, 0, 11.74, 7.84, 21.2, 65.66, 1.2, -99, 12.69, -99, -99, -99, -99, -99, -99, -99, 0, 
2031, 12, eco1, 0, 12.31, 0.53, 13.33, 14.08, 0.98, -99, 13.08, -99, -99, -99, -99, -99, -99, -99, 0, 
2030, 1, eco1, 0, 17.8, 5.24, 16.87, 24.92, 1.16, -99, 12.39, -99, -99, -99, -99, -99, -99, -99, 0, 
2030, 2, eco1, 0, 6.74, 6.22, 18.54, 22.33, 1.08, -99, 11.72, -99, -99, -99, -99, -99, -99, -99, 0, 
2030, 3, eco1, 0, 9.57, 4.47, 17.52, 13.81, 1.19, -99, 9.17, -99, -99, -99, -99, -99, -99, -99, 0, 
2030, 4, eco1, 0, 4.11, 8.21, 23.42, 4.96, 1.06, -99, 9.14, -99, -99, -99, -99, -99, -99, -99, 0, 
2030, 5, eco1, 0, 41.26, 18.62, 27.43, 347.86, 1.09, -99, 5.64, -99, -99, -99, -99, -99, -99, -99, 0, 
2030, 6, eco1, 0, 15.74, 20.45, 31.98, 56.53, 0.9, -99, 6.9, -99, -99, -99, -99, -99, -99, -99, 0, 
2030, 7, eco1, 0, 12.01, 22.42, 34.56, 18.54, 0.79, -99, 6.65, -99, -99, -99, -99, -99, -99, -99, 0, 
2030, 8, eco1, 0, 10.86, 20.27, 33.41, 27.88, 1.05, -99, 7.29, -99, -99, -99, -99, -99, -99, -99, 0, 
2030, 9, eco1, 0, 11.7, 13.27, 27.64, 28.91, 0.97, -99, 8.72, -99, -99, -99, -99, -99, -99, -99, 0, 
2030, 10, eco1, 0, 8.79, 9.75, 26.02, 8.68, 0.92, -99, 9.61, -99, -99, -99, -99, -99, -99, -99, 0, 
2030, 11, eco1, 0, 3.64, 1.26, 16.92, 3.47, 1.09, -99, 10.68, -99, -99, -99, -99, -99, -99, -99, 0, 
2030, 12, eco1, 0, 13.66, -0.82, 12.2, 11.84, 1.2, -99, 9.45, -99, -99, -99, -99, -99, -99, -99, 0, 
2029, 1, eco1, 0, 10.99, -0.7, 11.23, 8.13, 1.21, -99, 11.92, -99, -99, -99, -99, -99, -99, -99, 0, 
2029, 2, eco1, 0, 9.84, 0.16, 12.55, 10.91, 1.22, -99, 13.21, -99, -99, -99, -99, -99, -99, -99, 0, 
2029, 3, eco1, 0, 4.83, 6.39, 21.03, 2.61, 0.99, -99, 9.4, -99, -99, -99, -99, -99, -99, -99, 0, 
2029, 4, eco1, 0, 2.08, 9.46, 24.4, 8.55, 0.95, -99, 10.87, -99, -99, -99, -99, -99, -99, -99, 0, 
2029, 5, eco1, 0, 21.42, 17.85, 30.36, 123.78, 0.94, -99, 6.58, -99, -99, -99, -99, -99, -99, -99, 0, 
2029, 6, eco1, 0, 10.62, 21.41, 34.56, 98.62, 0.91, -99, 5.5, -99, -99, -99, -99, -99, -99, -99, 0, 
2029, 7, eco1, 0, 12.24, 21.65, 34.08, 58.18, 0.91, -99, 7.53, -99, -99, -99, -99, -99, -99, -99, 0, 
2029, 8, eco1, 0, 9.8, 18.73, 31.82, 71.45, 0.89, -99, 7.44, -99, -99, -99, -99, -99, -99, -99, 0, 
2029, 9, eco1, 0, 9.14, 15.33, 28.57, 12.08, 1.01, -99, 7.98, -99, -99, -99, -99, -99, -99, -99, 0, 
2029, 10, eco1, 0, 2.51, 11.87, 26.3, 2.63, 1.01, -99, 9.98, -99, -99, -99, -99, -99, -99, -99, 0, 
2029, 11, eco1, 0, 16.49, 2.18, 14.92, 19.57, 1.18, -99, 11.75, -99, -99, -99, -99, -99, -99, -99, 0, 
2029, 12, eco1, 0, 9.24, -3.25, 9.67, 7.05, 1.13, -99, 12.01, -99, -99, -99, -99, -99, -99, -99, 0, 
2028, 1, eco1, 0, 11.21, -1.65, 10.27, 28.22, 1.09, -99, 11.15, -99, -99, -99, -99, -99, -99, -99, 0, 
2028, 2, eco1, 0, 17.38, 4.76, 16.5, 42.22, 1.22, -99, 11.63, -99, -99, -99, -99, -99, -99, -99, 0, 
2028, 3, eco1, 0, 3.3, 6.33, 22, 5.47, 1.01, -99, 8.42, -99, -99, -99, -99, -99, -99, -99, 0, 
2028, 4, eco1, 0, 15.86, 10.82, 23.38, 102.16, 1.03, -99, 9.18, -99, -99, -99, -99, -99, -99, -99, 0, 
2028, 5, eco1, 0, 3.89, 14.26, 26.71, 15.64, 1.01, -99, 9.83, -99, -99, -99, -99, -99, -99, -99, 0, 
2028, 6, eco1, 0, 14.78, 20.5, 32.51, 399.3, 0.86, -99, 6.22, -99, -99, -99, -99, -99, -99, -99, 0, 
2028, 7, eco1, 0, 13.61, 20.83, 33.48, 98.8, 0.92, -99, 6.35, -99, -99, -99, -99, -99, -99, -99, 0, 
2028, 8, eco1, 0, 17.33, 17.86, 29.24, 77.04, 0.94, -99, 6.85, -99, -99, -99, -99, -99, -99, -99, 0, 
2028, 9, eco1, 0, 6.25, 13.94, 28.49, 15.11, 0.9, -99, 9.22, -99, -99, -99, -99, -99, -99, -99, 0, 
2028, 10, eco1, 0, 9.06, 8.99, 22.68, 71.4, 1.04, -99, 11.54, -99, -99, -99, -99, -99, -99, -99, 0, 
2028, 11, eco1, 0, 15.93, 2.98, 16.36, 23.77, 1.12, -99, 11.91, -99, -99, -99, -99, -99, -99, -99, 0, 
2028, 12, eco1, 0, 8.5, -2, 11.18, 8.12, 1.14, -99, 10.79, -99, -99, -99, -99, -99, -99, -99, 0, 
2027, 1, eco1, 0, 11.21, -1.77, 11.5, 8.08, 1.14, -99, 13.57, -99, -99, -99, -99, -99, -99, -99, 0, 
2027, 2, eco1, 0, 11.91, 0.77, 12.09, 9.04, 1.1, -99, 10.61, -99, -99, -99, -99, -99, -99, -99, 0, 
2027, 3, eco1, 0, 5.17, 4.24, 19.73, 4.05, 1.07, -99, 10.42, -99, -99, -99, -99, -99, -99, -99, 0, 
2027, 4, eco1, 0, 5.27, 9.79, 23.29, 4.72, 1.06, -99, 7.74, -99, -99, -99, -99, -99, -99, -99, 0, 
2027, 5, eco1, 0, 27.58, 18.91, 30.55, 386.02, 0.96, -99, 7.38, -99, -99, -99, -99, -99, -99, -99, 0, 
2027, 6, eco1, 0, 5.76, 20.12, 32.99, 33.79, 0.89, -99, 6.07, -99, -99, -99, -99, -99, -99, -99, 0, 
2027, 7, eco1, 0, 11.16, 21.84, 34.63, 38.55, 0.92, -99, 8.55, -99, -99, -99, -99, -99, -99, -99, 0, 
2027, 8, eco1, 0, 12.19, 19.18, 33.66, 36.98, 0.99, -99, 7.86, -99, -99, -99, -99, -99, -99, -99, 0, 
2027, 9, eco1, 0, 20.1, 11.39, 26.4, 244.09, 1, -99, 8.03, -99, -99, -99, -99, -99, -99, -99, 0, 
2027, 10, eco1, 0, 7.45, 6.4, 22.54, 32.97, 0.99, -99, 11.61, -99, -99, -99, -99, -99, -99, -99, 0, 
2027, 11, eco1, 0, 17.91, 7.07, 21.05, 64.02, 1.12, -99, 13.06, -99, -99, -99, -99, -99, -99, -99, 0, 
2027, 12, eco1, 0, 3.87, -1.09, 13.83, 3.77, 1.08, -99, 11.16, -99, -99, -99, -99, -99, -99, -99, 0, 
2026, 1, eco1, 0, 6.21, -1.73, 11.94, 4.95, 1.08, -99, 11.93, -99, -99, -99, -99, -99, -99, -99, 0, 
2026, 2, eco1, 0, 13.83, 4.1, 15.33, 61.19, 1.27, -99, 11.42, -99, -99, -99, -99, -99, -99, -99, 0, 
2026, 3, eco1, 0, 3.76, 2.79, 18.23, 3.09, 1, -99, 10.69, -99, -99, -99, -99, -99, -99, -99, 0, 
2026, 4, eco1, 0, 1.69, 8.52, 25.23, 1.74, 0.92, -99, 6.89, -99, -99, -99, -99, -99, -99, -99, 0, 
2026, 5, eco1, 0, 8.33, 19, 31.22, 20.68, 0.99, -99, 6.39, -99, -99, -99, -99, -99, -99, -99, 0, 
2026, 6, eco1, 0, 5.43, 20.99, 34.47, 23.4, 0.93, -99, 6.21, -99, -99, -99, -99, -99, -99, -99, 0, 
2026, 7, eco1, 0, 20.44, 20.62, 32.67, 420.51, 0.86, -99, 6.32, -99, -99, -99, -99, -99, -99, -99, 0, 
2026, 8, eco1, 0, 10.38, 19.48, 31.63, 150.23, 0.86, -99, 7.43, -99, -99, -99, -99, -99, -99, -99, 0, 
2026, 9, eco1, 0, 10.36, 15.52, 28.23, 17.49, 0.9, -99, 8.19, -99, -99, -99, -99, -99, -99, -99, 0, 
2026, 10, eco1, 0, 8.1, 6.77, 21.35, 14.83, 1.14, -99, 11.08, -99, -99, -99, -99, -99, -99, -99, 0, 
2026, 11, eco1, 0, 6.35, 5.87, 20.58, 2.62, 1.07, -99, 10, -99, -99, -99, -99, -99, -99, -99, 0, 
2026, 12, eco1, 0, 9.97, 1.96, 15.08, 7.32, 1.25, -99, 10.8, -99, -99, -99, -99, -99, -99, -99, 0, 
2025, 1, eco1, 0, 8.89, 1.21, 14.69, 13.68, 1.08, -99, 13.74, -99, -99, -99, -99, -99, -99, -99, 0, 
2025, 2, eco1, 0, 13.04, 9.38, 19.77, 80.32, 1.09, -99, 11.44, -99, -99, -99, -99, -99, -99, -99, 0, 
2025, 3, eco1, 0, 9.35, 1.03, 14, 7.46, 1.13, -99, 10.1, -99, -99, -99, -99, -99, -99, -99, 0, 
2025, 4, eco1, 0, 4.68, 11.36, 25.55, 12.58, 0.93, -99, 7.31, -99, -99, -99, -99, -99, -99, -99, 0, 
2025, 5, eco1, 0, 7.16, 14.79, 28.08, 112.82, 0.92, -99, 7.97, -99, -99, -99, -99, -99, -99, -99, 0, 
2025, 6, eco1, 0, 10.9, 20.3, 32.51, 73.76, 0.91, -99, 5.64, -99, -99, -99, -99, -99, -99, -99, 0, 
2025, 7, eco1, 0, 11.32, 20.5, 33.46, 22.67, 0.88, -99, 6.73, -99, -99, -99, -99, -99, -99, -99, 0, 
2025, 8, eco1, 0, 14.97, 19.07, 30.78, 52.06, 0.96, -99, 8.76, -99, -99, -99, -99, -99, -99, -99, 0, 
2025, 9, eco1, 0, 8.11, 16.02, 29.61, 28.81, 0.92, -99, 7.86, -99, -99, -99, -99, -99, -99, -99, 0, 
2025, 10, eco1, 0, 9.37, 8.74, 22.19, 49.9, 1.13, -99, 11.43, -99, -99, -99, -99, -99, -99, -99, 0, 
2025, 11, eco1, 0, 5.17, 3.59, 19.19, 6.35, 1.08, -99, 12.84, -99, -99, -99, -99, -99, -99, -99, 0, 
2025, 12, eco1, 0, 6.15, -1.32, 12.32, 3.62, 1.16, -99, 12.27, -99, -99, -99, -99, -99, -99, -99, 0, 
2024, 1, eco1, 0, 8.45, 3.75, 16.43, 19.34, 1.2, -99, 11.28, -99, -99, -99, -99, -99, -99, -99, 0, 
2024, 2, eco1, 0, 9.39, 2.84, 14.69, 35.27, 1.04, -99, 11.46, -99, -99, -99, -99, -99, -99, -99, 0, 
2024, 3, eco1, 0, 12.92, 6.12, 19.61, 41.25, 1.05, -99, 9.12, -99, -99, -99, -99, -99, -99, -99, 0, 
2024, 4, eco1, 0, 4.09, 8.01, 23.33, 30.25, 0.95, -99, 8.42, -99, -99, -99, -99, -99, -99, -99, 0, 
2024, 5, eco1, 0, 14.74, 17.39, 28.84, 86.58, 1.02, -99, 7.68, -99, -99, -99, -99, -99, -99, -99, 0, 
2024, 6, eco1, 0, 29.26, 19.7, 30.95, 64.6, 0.98, -99, 7.91, -99, -99, -99, -99, -99, -99, -99, 0, 
2024, 7, eco1, 0, 13.34, 19.98, 33, 163.9, 0.94, -99, 6.79, -99, -99, -99, -99, -99, -99, -99, 0, 
2024, 8, eco1, 0, 9.13, 17.25, 29.37, 14.45, 0.93, -99, 7.73, -99, -99, -99, -99, -99, -99, -99, 0, 
2024, 9, eco1, 0, 10.36, 13.38, 27.73, 32.22, 1.03, -99, 8.92, -99, -99, -99, -99, -99, -99, -99, 0, 
2024, 10, eco1, 0, 8.94, 8.65, 22.9, 16.18, 0.97, -99, 11.68, -99, -99, -99, -99, -99, -99, -99, 0, 
2024, 11, eco1, 0, 6.36, 2.74, 17.31, 8.8, 1.01, -99, 11.48, -99, -99, -99, -99, -99, -99, -99, 0, 
2024, 12, eco1, 0, 8.44, -1.22, 11.5, 22.39, 1.09, -99, 13.84, -99, -99, -99, -99, -99, -99, -99, 0, 
2023, 1, eco1, 0, 3.79, -2.96, 9.38, 11.97, 1.09, -99, 10.5, -99, -99, -99, -99, -99, -99, -99, 0, 
2023, 2, eco1, 0, 3.84, -2.62, 10.59, 3.66, 1.05, -99, 9.95, -99, -99, -99, -99, -99, -99, -99, 0, 
2023, 3, eco1, 0, 7.83, 2.74, 17.51, 12.67, 1.06, -99, 10.71, -99, -99, -99, -99, -99, -99, -99, 0, 
2023, 4, eco1, 0, 6.26, 7.66, 22.66, 9.06, 1.03, -99, 8.74, -99, -99, -99, -99, -99, -99, -99, 0, 
2023, 5, eco1, 0, 14.12, 18.33, 30.29, 72.63, 0.95, -99, 7.72, -99, -99, -99, -99, -99, -99, -99, 0, 
2023, 6, eco1, 0, 15.93, 20.95, 33.95, 289.19, 0.95, -99, 6.76, -99, -99, -99, -99, -99, -99, -99, 0, 
2023, 7, eco1, 0, 14.45, 21.53, 34.99, 128.85, 0.98, -99, 6.24, -99, -99, -99, -99, -99, -99, -99, 0, 
2023, 8, eco1, 0, 24.03, 19.05, 32.36, 172.52, 0.98, -99, 6.91, -99, -99, -99, -99, -99, -99, -99, 0, 
2023, 9, eco1, 0, 8.47, 14.06, 29.03, 14.96, 0.97, -99, 9.27, -99, -99, -99, -99, -99, -99, -99, 0, 
2023, 10, eco1, 0, 15.55, 11.37, 25.79, 19.52, 1.1, -99, 10.33, -99, -99, -99, -99, -99, -99, -99, 0, 
2023, 11, eco1, 0, 23.71, 5.59, 17.79, 51.33, 0.96, -99, 13.15, -99, -99, -99, -99, -99, -99, -99, 0, 
2023, 12, eco1, 0, 7.78, -2.93, 9.7, 29.94, 1, -99, 13.33, -99, -99, -99, -99, -99, -99, -99, 0, 
2022, 1, eco1, 0, 7.17, -1.41, 9.92, 3.57, 1.07, -99, 11.95, -99, -99, -99, -99, -99, -99, -99, 0, 
2022, 2, eco1, 0, 12.73, 0.82, 14.11, 13.41, 1.06, -99, 11.1, -99, -99, -99, -99, -99, -99, -99, 0, 
2022, 3, eco1, 0, 16.2, 5.4, 18.8, 42.25, 1.02, -99, 11.19, -99, -99, -99, -99, -99, -99, -99, 0, 
2022, 4, eco1, 0, 27.52, 8.11, 21.23, 189.03, 1.04, -99, 10.23, -99, -99, -99, -99, -99, -99, -99, 0, 
2022, 5, eco1, 0, 16.39, 17.13, 29.21, 33.08, 0.98, -99, 8.52, -99, -99, -99, -99, -99, -99, -99, 0, 
2022, 6, eco1, 0, 15.98, 19.67, 32.84, 41.21, 0.85, -99, 6.55, -99, -99, -99, -99, -99, -99, -99, 0, 
2022, 7, eco1, 0, 14.01, 21.16, 34.27, 40.29, 0.98, -99, 8.09, -99, -99, -99, -99, -99, -99, -99, 0, 
2022, 8, eco1, 0, 9.13, 17.94, 31.35, 13.95, 0.92, -99, 7.16, -99, -99, -99, -99, -99, -99, -99, 0, 
2022, 9, eco1, 0, 11.9, 12.32, 27.85, 23, 0.99, -99, 9.46, -99, -99, -99, -99, -99, -99, -99, 0, 
2022, 10, eco1, 0, 4.8, 7.1, 24.06, 7.66, 1.15, -99, 11.13, -99, -99, -99, -99, -99, -99, -99, 0, 
2022, 11, eco1, 0, 16.28, 5.71, 18.37, 33.52, 1.11, -99, 11.72, -99, -99, -99, -99, -99, -99, -99, 0, 
2022, 12, eco1, 0, 10.57, 0.32, 13.23, 13.95, 1.16, -99, 12.8, -99, -99, -99, -99, -99, -99, -99, 0, 
2021, 1, eco1, 0, 10.14, 3.65, 15.52, 36.26, 1.2, -99, 13.54, -99, -99, -99, -99, -99, -99, -99, 0, 
2021, 2, eco1, 0, 12.88, -0.69, 10.39, 18.95, 1.19, -99, 12.47, -99, -99, -99, -99, -99, -99, -99, 0, 
2021, 3, eco1, 0, 4.62, 2.46, 19.4, 3.64, 0.99, -99, 9.19, -99, -99, -99, -99, -99, -99, -99, 0, 
2021, 4, eco1, 0, 9.74, 10.08, 24.28, 17.72, 1.05, -99, 8.55, -99, -99, -99, -99, -99, -99, -99, 0, 
2021, 5, eco1, 0, 6.98, 18.26, 30.87, 17.16, 0.93, -99, 6.61, -99, -99, -99, -99, -99, -99, -99, 0, 
2021, 6, eco1, 0, 22.52, 21.86, 32.99, 212, 0.9, -99, 6.54, -99, -99, -99, -99, -99, -99, -99, 0, 
2021, 7, eco1, 0, 13.04, 20.44, 34.4, 30.2, 1.02, -99, 5.49, -99, -99, -99, -99, -99, -99, -99, 0, 
2021, 8, eco1, 0, 12.3, 18.78, 32.31, 34.14, 1.04, -99, 6.94, -99, -99, -99, -99, -99, -99, -99, 0, 
2021, 9, eco1, 0, 11.07, 14.29, 29.12, 41.58, 1, -99, 9.55, -99, -99, -99, -99, -99, -99, -99, 0, 
2021, 10, eco1, 0, 6.83, 7.41, 24.43, 15.82, 1, -99, 10.21, -99, -99, -99, -99, -99, -99, -99, 0, 
2021, 11, eco1, 0, 4.77, 1.77, 17.36, 2.21, 1, -99, 10.68, -99, -99, -99, -99, -99, -99, -99, 0, 
2021, 12, eco1, 0, 14.83, 0.39, 13.65, 19.16, 1.23, -99, 10.24, -99, -99, -99, -99, -99, -99, -99, 0, 
2020, 1, eco1, 0, 6.99, -2.6, 9.67, 4.19, 1.18, -99, 11.87, -99, -99, -99, -99, -99, -99, -99, 0, 
2020, 2, eco1, 0, 9.29, 0.49, 13.79, 37.41, 1.16, -99, 12.85, -99, -99, -99, -99, -99, -99, -99, 0, 
2020, 3, eco1, 0, 9.19, 1.79, 15.91, 10.39, 1.06, -99, 11.02, -99, -99, -99, -99, -99, -99, -99, 0, 
2020, 4, eco1, 0, 10.88, 9.82, 24.11, 28.21, 1, -99, 8.2, -99, -99, -99, -99, -99, -99, -99, 0, 
2020, 5, eco1, 0, 16.67, 16.46, 28.96, 164.14, 1.07, -99, 6.58, -99, -99, -99, -99, -99, -99, -99, 0, 
2020, 6, eco1, 0, 14.83, 19.77, 32.67, 59.68, 1.02, -99, 5.68, -99, -99, -99, -99, -99, -99, -99, 0, 
2020, 7, eco1, 0, 4.59, 22.03, 35.52, 7.86, 0.89, -99, 5.01, -99, -99, -99, -99, -99, -99, -99, 0, 
2020, 8, eco1, 0, 14.08, 19.2, 32, 98.24, 1.01, -99, 7.74, -99, -99, -99, -99, -99, -99, -99, 0, 
2020, 9, eco1, 0, 8.34, 13.53, 27.31, 86.75, 1.1, -99, 9.17, -99, -99, -99, -99, -99, -99, -99, 0, 
2020, 10, eco1, 0, 11.32, 11.42, 25.93, 27.55, 1.2, -99, 9.28, -99, -99, -99, -99, -99, -99, -99, 0, 
2020, 11, eco1, 0, 17.71, 4.17, 18.3, 20.63, 1.2, -99, 12.41, -99, -99, -99, -99, -99, -99, -99, 0, 
2020, 12, eco1, 0, 0.86, 1.89, 17.91, 1.09, 1.08, -99, 9.5, -99, -99, -99, -99, -99, -99, -99, 0, 
2019, 1, eco1, 0, 9.48, -1.03, 11.84, 17.26, 1.17, -99, 10.94, -99, -99, -99, -99, -99, -99, -99, 0, 
2019, 2, eco1, 0, 10.35, 5.84, 18, 10.27, 1.06, -99, 12.39, -99, -99, -99, -99, -99, -99, -99, 0, 
2019, 3, eco1, 0, 8.44, 5.54, 18.86, 13.11, 1.11, -99, 11.6, -99, -99, -99, -99, -99, -99, -99, 0, 
2019, 4, eco1, 0, 13.28, 12.79, 23.88, 96.37, 1.06, -99, 9.31, -99, -99, -99, -99, -99, -99, -99, 0, 
2019, 5, eco1, 0, 10.74, 16.89, 29.97, 53.55, 0.95, -99, 6.89, -99, -99, -99, -99, -99, -99, -99, 0, 
2019, 6, eco1, 0, 10.53, 19.37, 31.08, 125.91, 0.97, -99, 6.24, -99, -99, -99, -99, -99, -99, -99, 0, 
2019, 7, eco1, 0, 9.59, 21.13, 33.18, 56.44, 0.91, -99, 7.67, -99, -99, -99, -99, -99, -99, -99, 0, 
2019, 8, eco1, 0, 8.86, 20.4, 32.47, 24.7, 0.92, -99, 9.05, -99, -99, -99, -99, -99, -99, -99, 0, 
2019, 9, eco1, 0, 15.53, 13, 26.35, 33.34, 1.01, -99, 10.03, -99, -99, -99, -99, -99, -99, -99, 0, 
2019, 10, eco1, 0, 9.6, 10.48, 25.93, 14.59, 0.8, -99, 10.69, -99, -99, -99, -99, -99, -99, -99, 0, 
2019, 11, eco1, 0, 9.42, 0.01, 13.71, 13.11, 0.99, -99, 12.15, -99, -99, -99, -99, -99, -99, -99, 0, 
2019, 12, eco1, 0, 0.53, -4.07, 9.5, 0.18, 1.08, -99, 14.78, -99, -99, -99, -99, -99, -99, -99, 0, 
