Year,Timestep,EcoregionName,EcoregionIndex,ppt,min_airtemp,max_airtemp,std_ppt,std_temp,winddirection,windspeed,ndeposition,min_relativehumidity,max_relativehumidity,co2,par,ozone,shortwave,FWI,
2099, 1, eco1, 0, 5.94, 4.11, 18.26, 3.72, 1.06, -99, 10.36, -99, -99, -99, -99, -99, -99, -99, 0, 
2099, 2, eco1, 0, 2.71, 1.59, 14.18, 2.35, 1.09, -99, 10.99, -99, -99, -99, -99, -99, -99, -99, 0, 
2099, 3, eco1, 0, 5.14, 3.67, 16.57, 36.35, 1.11, -99, 13.83, -99, -99, -99, -99, -99, -99, -99, 0, 
2099, 4, eco1, 0, 7.99, 3.93, 20.26, 17.04, 1.09, -99, 10.21, -99, -99, -99, -99, -99, -99, -99, 0, 
2099, 5, eco1, 0, 2.48, 10.85, 25.62, 3.76, 1.01, -99, 9.64, -99, -99, -99, -99, -99, -99, -99, 0, 
2099, 6, eco1, 0, 13.81, 16.45, 27.7, 57.41, 1.11, -99, 7.61, -99, -99, -99, -99, -99, -99, -99, 0, 
2099, 7, eco1, 0, 12.91, 22.85, 36.1, 73.24, 1.02, -99, 6.56, -99, -99, -99, -99, -99, -99, -99, 0, 
2099, 8, eco1, 0, 4.6, 22.19, 35.88, 7.96, 0.84, -99, 8.05, -99, -99, -99, -99, -99, -99, -99, 0, 
2099, 9, eco1, 0, 13.41, 20.35, 31.69, 28.69, 0.91, -99, 8.06, -99, -99, -99, -99, -99, -99, -99, 0, 
2099, 10, eco1, 0, 5.77, 14.67, 28.07, 69.44, 0.95, -99, 8.82, -99, -99, -99, -99, -99, -99, -99, 0, 
2099, 11, eco1, 0, 14.42, 8.56, 22.07, 35.77, 0.98, -99, 11.14, -99, -99, -99, -99, -99, -99, -99, 0, 
2099, 12, eco1, 0, 16.14, 7.64, 20.53, 13.82, 1.26, -99, 13.48, -99, -99, -99, -99, -99, -99, -99, 0, 
2098, 1, eco1, 0, 5.94, 4.11, 18.26, 3.72, 1.06, -99, 10.36, -99, -99, -99, -99, -99, -99, -99, 0, 
2098, 2, eco1, 0, 2.71, 1.59, 14.18, 2.35, 1.09, -99, 10.99, -99, -99, -99, -99, -99, -99, -99, 0, 
2098, 3, eco1, 0, 11.66, 3.54, 15.6, 46.32, 1, -99, 12.05, -99, -99, -99, -99, -99, -99, -99, 0, 
2098, 4, eco1, 0, 7.58, 7.38, 20.96, 31.49, 0.98, -99, 11.67, -99, -99, -99, -99, -99, -99, -99, 0, 
2098, 5, eco1, 0, 18.2, 11.45, 24.87, 155.02, 0.95, -99, 7.38, -99, -99, -99, -99, -99, -99, -99, 0, 
2098, 6, eco1, 0, 18.9, 19.1, 31.42, 419.49, 0.84, -99, 7.08, -99, -99, -99, -99, -99, -99, -99, 0, 
2098, 7, eco1, 0, 3.49, 24.17, 38.65, 4.86, 0.91, -99, 9.17, -99, -99, -99, -99, -99, -99, -99, 0, 
2098, 8, eco1, 0, 11.99, 23.51, 37.75, 64.78, 0.89, -99, 6.96, -99, -99, -99, -99, -99, -99, -99, 0, 
2098, 9, eco1, 0, 10.22, 19.47, 32.81, 43.61, 1.06, -99, 8.48, -99, -99, -99, -99, -99, -99, -99, 0, 
2098, 10, eco1, 0, 4.51, 16.94, 31.23, 7.72, 0.92, -99, 10.12, -99, -99, -99, -99, -99, -99, -99, 0, 
2098, 11, eco1, 0, 12.69, 6.81, 21.89, 40.08, 1.09, -99, 10.09, -99, -99, -99, -99, -99, -99, -99, 0, 
2098, 12, eco1, 0, 11.36, 2.18, 16.52, 13.89, 1.1, -99, 12.37, -99, -99, -99, -99, -99, -99, -99, 0, 
2097, 1, eco1, 0, 4.45, 1.24, 12.96, 6.02, 1.24, -99, 12.77, -99, -99, -99, -99, -99, -99, -99, 0, 
2097, 2, eco1, 0, 3.89, 3.78, 16.31, 1.8, 1, -99, 12.58, -99, -99, -99, -99, -99, -99, -99, 0, 
2097, 3, eco1, 0, 18.17, 5.62, 16.05, 294.81, 1.09, -99, 14.61, -99, -99, -99, -99, -99, -99, -99, 0, 
2097, 4, eco1, 0, 6.77, 6.96, 20.7, 10.82, 1.13, -99, 12.33, -99, -99, -99, -99, -99, -99, -99, 0, 
2097, 5, eco1, 0, 2.69, 12.39, 26.62, 2.49, 1.03, -99, 9.12, -99, -99, -99, -99, -99, -99, -99, 0, 
2097, 6, eco1, 0, 9.6, 19.26, 31.9, 84.37, 0.85, -99, 6.47, -99, -99, -99, -99, -99, -99, -99, 0, 
2097, 7, eco1, 0, 13.61, 21.39, 35.22, 118.68, 0.88, -99, 4.59, -99, -99, -99, -99, -99, -99, -99, 0, 
2097, 8, eco1, 0, 8.91, 22.45, 36.5, 55.74, 0.94, -99, 6.84, -99, -99, -99, -99, -99, -99, -99, 0, 
2097, 9, eco1, 0, 9.12, 20.21, 33.86, 22.81, 1.02, -99, 6.53, -99, -99, -99, -99, -99, -99, -99, 0, 
2097, 10, eco1, 0, 7.54, 13.2, 27.37, 17.73, 1.01, -99, 8.67, -99, -99, -99, -99, -99, -99, -99, 0, 
2097, 11, eco1, 0, 4.74, 11.99, 26.28, 17.04, 0.93, -99, 10.34, -99, -99, -99, -99, -99, -99, -99, 0, 
2097, 12, eco1, 0, 14.55, 6.72, 20.75, 67.65, 1.13, -99, 12.52, -99, -99, -99, -99, -99, -99, -99, 0, 
2096, 1, eco1, 0, 12.23, -1.51, 9.81, 33.48, 1.08, -99, 13.19, -99, -99, -99, -99, -99, -99, -99, 0, 
2096, 2, eco1, 0, 11.63, 2.13, 14.92, 16.48, 1.03, -99, 9.75, -99, -99, -99, -99, -99, -99, -99, 0, 
2096, 3, eco1, 0, 10.14, 1.53, 13.79, 43.39, 1.28, -99, 11.53, -99, -99, -99, -99, -99, -99, -99, 0, 
2096, 4, eco1, 0, 6.33, 5.91, 20.45, 6.98, 1.18, -99, 9.73, -99, -99, -99, -99, -99, -99, -99, 0, 
2096, 5, eco1, 0, 4.47, 10.69, 24.95, 9.03, 1.11, -99, 7.83, -99, -99, -99, -99, -99, -99, -99, 0, 
2096, 6, eco1, 0, 15.53, 17.95, 30.32, 30.37, 1, -99, 7.09, -99, -99, -99, -99, -99, -99, -99, 0, 
2096, 7, eco1, 0, 12.4, 20.4, 31.74, 68.99, 0.91, -99, 6.07, -99, -99, -99, -99, -99, -99, -99, 0, 
2096, 8, eco1, 0, 13.26, 21.74, 32.63, 45.62, 0.93, -99, 6.6, -99, -99, -99, -99, -99, -99, -99, 0, 
2096, 9, eco1, 0, 10.05, 19.81, 31.08, 36.53, 0.94, -99, 8.04, -99, -99, -99, -99, -99, -99, -99, 0, 
2096, 10, eco1, 0, 7.47, 15.51, 29.27, 14.37, 1.02, -99, 8.74, -99, -99, -99, -99, -99, -99, -99, 0, 
2096, 11, eco1, 0, 5.37, 9.2, 24.14, 8.13, 0.88, -99, 10.55, -99, -99, -99, -99, -99, -99, -99, 0, 
2096, 12, eco1, 0, 11.81, 2.81, 16.2, 17.12, 1, -99, 10.53, -99, -99, -99, -99, -99, -99, -99, 0, 
2095, 1, eco1, 0, 8.5, 1.63, 14.31, 13.23, 0.99, -99, 13.17, -99, -99, -99, -99, -99, -99, -99, 0, 
2095, 2, eco1, 0, 9.27, 1.76, 13.81, 22.77, 1, -99, 11.14, -99, -99, -99, -99, -99, -99, -99, 0, 
2095, 3, eco1, 0, 6.24, 3.12, 14.89, 10.26, 0.98, -99, 11.56, -99, -99, -99, -99, -99, -99, -99, 0, 
2095, 4, eco1, 0, 14.38, 5.07, 18.39, 20.46, 1.05, -99, 10.7, -99, -99, -99, -99, -99, -99, -99, 0, 
2095, 5, eco1, 0, 8.34, 11.79, 24.17, 15.95, 1.06, -99, 8.25, -99, -99, -99, -99, -99, -99, -99, 0, 
2095, 6, eco1, 0, 9.92, 19.56, 30.9, 30.57, 0.86, -99, 6.21, -99, -99, -99, -99, -99, -99, -99, 0, 
2095, 7, eco1, 0, 28.31, 22, 34.1, 594.18, 0.89, -99, 8.28, -99, -99, -99, -99, -99, -99, -99, 0, 
2095, 8, eco1, 0, 9.03, 23.83, 37.48, 24.57, 1.01, -99, 8.58, -99, -99, -99, -99, -99, -99, -99, 0, 
2095, 9, eco1, 0, 5.13, 21.09, 34.86, 11.72, 1, -99, 8.82, -99, -99, -99, -99, -99, -99, -99, 0, 
2095, 10, eco1, 0, 10.56, 14.82, 27.87, 50.83, 1, -99, 8.85, -99, -99, -99, -99, -99, -99, -99, 0, 
2095, 11, eco1, 0, 3.01, 12.26, 28.76, 2.54, 0.95, -99, 8.84, -99, -99, -99, -99, -99, -99, -99, 0, 
2095, 12, eco1, 0, 7.76, 7.55, 21.47, 14.97, 1.06, -99, 10.7, -99, -99, -99, -99, -99, -99, -99, 0, 
2094, 1, eco1, 0, 7.83, 4.44, 18.2, 4.55, 1.06, -99, 9.44, -99, -99, -99, -99, -99, -99, -99, 0, 
2094, 2, eco1, 0, 10.56, 1.7, 14.33, 13.54, 1, -99, 9.93, -99, -99, -99, -99, -99, -99, -99, 0, 
2094, 3, eco1, 0, 7.43, -0.39, 11.9, 3.18, 1.01, -99, 13.34, -99, -99, -99, -99, -99, -99, -99, 0, 
2094, 4, eco1, 0, 8.21, 5.64, 19.91, 9.83, 0.99, -99, 11.93, -99, -99, -99, -99, -99, -99, -99, 0, 
2094, 5, eco1, 0, 25.49, 12.94, 25.99, 263.71, 1.03, -99, 7.09, -99, -99, -99, -99, -99, -99, -99, 0, 
2094, 6, eco1, 0, 17.87, 19.39, 30.71, 135.82, 0.85, -99, 6.59, -99, -99, -99, -99, -99, -99, -99, 0, 
2094, 7, eco1, 0, 11.43, 19.61, 32.53, 66.58, 0.85, -99, 5.96, -99, -99, -99, -99, -99, -99, -99, 0, 
2094, 8, eco1, 0, 13.17, 21.5, 35.27, 145.24, 1.11, -99, 5.64, -99, -99, -99, -99, -99, -99, -99, 0, 
2094, 9, eco1, 0, 6.3, 19.54, 34.33, 25.41, 0.94, -99, 6.78, -99, -99, -99, -99, -99, -99, -99, 0, 
2094, 10, eco1, 0, 11.58, 14.19, 27.91, 17.97, 1.02, -99, 8.26, -99, -99, -99, -99, -99, -99, -99, 0, 
2094, 11, eco1, 0, 5.51, 12.4, 27.74, 8.39, 0.98, -99, 9.34, -99, -99, -99, -99, -99, -99, -99, 0, 
2094, 12, eco1, 0, 4.8, 4.88, 19.32, 5.31, 0.98, -99, 9.97, -99, -99, -99, -99, -99, -99, -99, 0, 
2093, 1, eco1, 0, 3.51, 1.93, 15.88, 1.58, 1.07, -99, 12.22, -99, -99, -99, -99, -99, -99, -99, 0, 
2093, 2, eco1, 0, 18.32, 0.96, 12.89, 51.5, 1.11, -99, 10.85, -99, -99, -99, -99, -99, -99, -99, 0, 
2093, 3, eco1, 0, 2.56, 2.13, 14.38, 3.99, 1.05, -99, 11.04, -99, -99, -99, -99, -99, -99, -99, 0, 
2093, 4, eco1, 0, 8.85, 6.66, 19.67, 28.16, 1.09, -99, 10.05, -99, -99, -99, -99, -99, -99, -99, 0, 
2093, 5, eco1, 0, 13.08, 11.49, 24.59, 31.73, 1.11, -99, 9.37, -99, -99, -99, -99, -99, -99, -99, 0, 
2093, 6, eco1, 0, 6.75, 17.74, 28.53, 47.65, 1.08, -99, 9.16, -99, -99, -99, -99, -99, -99, -99, 0, 
2093, 7, eco1, 0, 19.09, 22, 33.11, 244.27, 1, -99, 7.15, -99, -99, -99, -99, -99, -99, -99, 0, 
2093, 8, eco1, 0, 11.2, 22.16, 34.11, 61.35, 0.89, -99, 6.27, -99, -99, -99, -99, -99, -99, -99, 0, 
2093, 9, eco1, 0, 6.33, 19.16, 31.45, 10.44, 0.97, -99, 7.07, -99, -99, -99, -99, -99, -99, -99, 0, 
2093, 10, eco1, 0, 15.21, 15.01, 27.47, 48.33, 1.03, -99, 9.63, -99, -99, -99, -99, -99, -99, -99, 0, 
2093, 11, eco1, 0, 8.68, 9.8, 23.78, 30.92, 1.03, -99, 13.39, -99, -99, -99, -99, -99, -99, -99, 0, 
2093, 12, eco1, 0, 15.94, 2.23, 14.76, 47.75, 1.06, -99, 13.13, -99, -99, -99, -99, -99, -99, -99, 0, 
2092, 1, eco1, 0, 8.71, 3.35, 16.01, 7.81, 1.15, -99, 11.99, -99, -99, -99, -99, -99, -99, -99, 0, 
2092, 2, eco1, 0, 2.96, 0.22, 13.38, 1.32, 1.05, -99, 12.37, -99, -99, -99, -99, -99, -99, -99, 0, 
2092, 3, eco1, 0, 6.07, 1.88, 14.55, 17.04, 1.07, -99, 11.49, -99, -99, -99, -99, -99, -99, -99, 0, 
2092, 4, eco1, 0, 7.98, 7.21, 20.34, 10.61, 0.94, -99, 9.56, -99, -99, -99, -99, -99, -99, -99, 0, 
2092, 5, eco1, 0, 16.62, 8.87, 22.97, 46.44, 0.9, -99, 8.02, -99, -99, -99, -99, -99, -99, -99, 0, 
2092, 6, eco1, 0, 15.17, 17.69, 28.71, 59.71, 0.92, -99, 7.41, -99, -99, -99, -99, -99, -99, -99, 0, 
2092, 7, eco1, 0, 26.78, 21.27, 32.6, 702.58, 0.86, -99, 8.62, -99, -99, -99, -99, -99, -99, -99, 0, 
2092, 8, eco1, 0, 14.54, 22.81, 33.98, 75.25, 0.83, -99, 8.36, -99, -99, -99, -99, -99, -99, -99, 0, 
2092, 9, eco1, 0, 8.83, 19.73, 32.33, 12.38, 0.88, -99, 7.07, -99, -99, -99, -99, -99, -99, -99, 0, 
2092, 10, eco1, 0, 8.59, 15.26, 28.52, 19.11, 0.98, -99, 8.98, -99, -99, -99, -99, -99, -99, -99, 0, 
2092, 11, eco1, 0, 7.96, 8.39, 22.36, 15.6, 0.97, -99, 9.98, -99, -99, -99, -99, -99, -99, -99, 0, 
2092, 12, eco1, 0, 11.45, 4.6, 17.61, 13.67, 1.14, -99, 12.92, -99, -99, -99, -99, -99, -99, -99, 0, 
2091, 1, eco1, 0, 11.84, 2.71, 15.11, 42.75, 1.07, -99, 12.25, -99, -99, -99, -99, -99, -99, -99, 0, 
2091, 2, eco1, 0, 16.34, 2.09, 12.5, 46.7, 1.29, -99, 10.27, -99, -99, -99, -99, -99, -99, -99, 0, 
2091, 3, eco1, 0, 5.71, 3.71, 16.66, 5.45, 0.98, -99, 10.49, -99, -99, -99, -99, -99, -99, -99, 0, 
2091, 4, eco1, 0, 7.34, 5.8, 19.98, 26.55, 1.04, -99, 9.7, -99, -99, -99, -99, -99, -99, -99, 0, 
2091, 5, eco1, 0, 7.43, 12.82, 24.64, 9.17, 1, -99, 8.91, -99, -99, -99, -99, -99, -99, -99, 0, 
2091, 6, eco1, 0, 13.88, 16.79, 28.82, 64.82, 1.06, -99, 5.82, -99, -99, -99, -99, -99, -99, -99, 0, 
2091, 7, eco1, 0, 24.34, 21.72, 31.26, 321.46, 0.93, -99, 5.95, -99, -99, -99, -99, -99, -99, -99, 0, 
2091, 8, eco1, 0, 10.63, 21.98, 34.23, 44.75, 0.97, -99, 6.8, -99, -99, -99, -99, -99, -99, -99, 0, 
2091, 9, eco1, 0, 10.44, 18.69, 30.12, 50.38, 0.97, -99, 8.15, -99, -99, -99, -99, -99, -99, -99, 0, 
2091, 10, eco1, 0, 8.75, 17.06, 29.58, 17.74, 1.04, -99, 9.3, -99, -99, -99, -99, -99, -99, -99, 0, 
2091, 11, eco1, 0, 11.68, 7.94, 22.68, 18.22, 1, -99, 11.85, -99, -99, -99, -99, -99, -99, -99, 0, 
2091, 12, eco1, 0, 14.53, 5.65, 19.62, 35.5, 1.09, -99, 11.93, -99, -99, -99, -99, -99, -99, -99, 0, 
2090, 1, eco1, 0, 7.09, 1.9, 16.41, 9.06, 1.12, -99, 10.74, -99, -99, -99, -99, -99, -99, -99, 0, 
2090, 2, eco1, 0, 6.71, 0.84, 12.95, 7.3, 1.1, -99, 11, -99, -99, -99, -99, -99, -99, -99, 0, 
2090, 3, eco1, 0, 6.13, 4, 17.1, 3.62, 1.14, -99, 12.23, -99, -99, -99, -99, -99, -99, -99, 0, 
2090, 4, eco1, 0, 7.51, 7.01, 21.72, 11.19, 0.98, -99, 10.55, -99, -99, -99, -99, -99, -99, -99, 0, 
2090, 5, eco1, 0, 12.69, 12.96, 26.04, 52.94, 0.95, -99, 8.38, -99, -99, -99, -99, -99, -99, -99, 0, 
2090, 6, eco1, 0, 4.32, 18.32, 30.38, 7.58, 0.9, -99, 8.48, -99, -99, -99, -99, -99, -99, -99, 0, 
2090, 7, eco1, 0, 15.01, 22.41, 33.57, 194.7, 0.82, -99, 7.1, -99, -99, -99, -99, -99, -99, -99, 0, 
2090, 8, eco1, 0, 18.07, 22.1, 33.45, 748.8, 0.88, -99, 9.6, -99, -99, -99, -99, -99, -99, -99, 0, 
2090, 9, eco1, 0, 10.01, 19.23, 31.89, 32.76, 1.01, -99, 7.04, -99, -99, -99, -99, -99, -99, -99, 0, 
2090, 10, eco1, 0, 8.23, 14.39, 27.56, 23.85, 1.14, -99, 11.16, -99, -99, -99, -99, -99, -99, -99, 0, 
2090, 11, eco1, 0, 9.21, 11.69, 24.23, 9.21, 1, -99, 11.13, -99, -99, -99, -99, -99, -99, -99, 0, 
2090, 12, eco1, 0, 14.65, 6.02, 19.46, 26.48, 1, -99, 10.89, -99, -99, -99, -99, -99, -99, -99, 0, 
2089, 1, eco1, 0, 4.54, 7.23, 20.59, 6.62, 1.08, -99, 12.71, -99, -99, -99, -99, -99, -99, -99, 0, 
2089, 2, eco1, 0, 9.12, 2.56, 14.17, 18.72, 1.17, -99, 12.93, -99, -99, -99, -99, -99, -99, -99, 0, 
2089, 3, eco1, 0, 8.72, 3.3, 16.99, 45.42, 1.15, -99, 11.61, -99, -99, -99, -99, -99, -99, -99, 0, 
2089, 4, eco1, 0, 7.72, 5.44, 19.79, 68.01, 0.99, -99, 10.41, -99, -99, -99, -99, -99, -99, -99, 0, 
2089, 5, eco1, 0, 14.72, 11.85, 25.33, 156.42, 1.05, -99, 7.3, -99, -99, -99, -99, -99, -99, -99, 0, 
2089, 6, eco1, 0, 11.8, 17.73, 30.4, 54.89, 1.03, -99, 8.15, -99, -99, -99, -99, -99, -99, -99, 0, 
2089, 7, eco1, 0, 8.49, 20.95, 34.01, 25.98, 0.95, -99, 6.71, -99, -99, -99, -99, -99, -99, -99, 0, 
2089, 8, eco1, 0, 9.5, 21.67, 35.53, 53.54, 0.87, -99, 8.87, -99, -99, -99, -99, -99, -99, -99, 0, 
2089, 9, eco1, 0, 7.63, 20.49, 33.09, 20.5, 0.95, -99, 7.11, -99, -99, -99, -99, -99, -99, -99, 0, 
2089, 10, eco1, 0, 6.82, 17.49, 30.31, 8.31, 0.92, -99, 8.98, -99, -99, -99, -99, -99, -99, -99, 0, 
2089, 11, eco1, 0, 10.03, 12.61, 26.16, 12.9, 1.02, -99, 11.21, -99, -99, -99, -99, -99, -99, -99, 0, 
2089, 12, eco1, 0, 9.2, 3.15, 17.6, 6.33, 1.1, -99, 10.42, -99, -99, -99, -99, -99, -99, -99, 0, 
2088, 1, eco1, 0, 12.02, 2.53, 15.92, 10.07, 1.13, -99, 12.54, -99, -99, -99, -99, -99, -99, -99, 0, 
2088, 2, eco1, 0, 8.62, -2.92, 9.07, 36.39, 1.11, -99, 11.47, -99, -99, -99, -99, -99, -99, -99, 0, 
2088, 3, eco1, 0, 16.62, 3.26, 15.16, 27.15, 1.08, -99, 11.74, -99, -99, -99, -99, -99, -99, -99, 0, 
2088, 4, eco1, 0, 6.39, 7.24, 19.91, 6.18, 0.98, -99, 10.98, -99, -99, -99, -99, -99, -99, -99, 0, 
2088, 5, eco1, 0, 5.63, 12.74, 27.6, 24.89, 1.02, -99, 7.78, -99, -99, -99, -99, -99, -99, -99, 0, 
2088, 6, eco1, 0, 5.44, 20.05, 32.98, 31.78, 0.89, -99, 7.73, -99, -99, -99, -99, -99, -99, -99, 0, 
2088, 7, eco1, 0, 8.39, 21.27, 32.93, 25.85, 0.89, -99, 6.57, -99, -99, -99, -99, -99, -99, -99, 0, 
2088, 8, eco1, 0, 10.66, 22.06, 35.02, 84.42, 0.84, -99, 6.95, -99, -99, -99, -99, -99, -99, -99, 0, 
2088, 9, eco1, 0, 14.64, 18.71, 29.79, 82.28, 1.03, -99, 7.33, -99, -99, -99, -99, -99, -99, -99, 0, 
2088, 10, eco1, 0, 13.8, 14.9, 28.29, 56.7, 1.1, -99, 7.7, -99, -99, -99, -99, -99, -99, -99, 0, 
2088, 11, eco1, 0, 7.37, 8.86, 23.39, 8.13, 1.02, -99, 11.42, -99, -99, -99, -99, -99, -99, -99, 0, 
2088, 12, eco1, 0, 11.88, 3.17, 16.84, 14.34, 1.15, -99, 11.21, -99, -99, -99, -99, -99, -99, -99, 0, 
2087, 1, eco1, 0, 9.55, 2.63, 15.91, 12.83, 1.16, -99, 15.8, -99, -99, -99, -99, -99, -99, -99, 0, 
2087, 2, eco1, 0, 13.68, 3.69, 15.22, 6.68, 1.09, -99, 11.68, -99, -99, -99, -99, -99, -99, -99, 0, 
2087, 3, eco1, 0, 8.06, 3.5, 16.04, 28.74, 1.04, -99, 11.1, -99, -99, -99, -99, -99, -99, -99, 0, 
2087, 4, eco1, 0, 5.12, 7.31, 20.65, 10.99, 1.06, -99, 10.03, -99, -99, -99, -99, -99, -99, -99, 0, 
2087, 5, eco1, 0, 5.02, 11.38, 25.87, 5.23, 1.05, -99, 7.96, -99, -99, -99, -99, -99, -99, -99, 0, 
2087, 6, eco1, 0, 9.87, 19.57, 31.42, 39.06, 0.94, -99, 7.19, -99, -99, -99, -99, -99, -99, -99, 0, 
2087, 7, eco1, 0, 16.08, 22.02, 34.22, 67.03, 1, -99, 6.5, -99, -99, -99, -99, -99, -99, -99, 0, 
2087, 8, eco1, 0, 7.81, 21.98, 34.72, 74.91, 0.86, -99, 5.76, -99, -99, -99, -99, -99, -99, -99, 0, 
2087, 9, eco1, 0, 11.7, 18.83, 31.71, 25.46, 0.89, -99, 5.14, -99, -99, -99, -99, -99, -99, -99, 0, 
2087, 10, eco1, 0, 21.79, 14.8, 26.9, 52.44, 1.05, -99, 9.01, -99, -99, -99, -99, -99, -99, -99, 0, 
2087, 11, eco1, 0, 3.26, 10.01, 23.77, 1.68, 1.04, -99, 11.82, -99, -99, -99, -99, -99, -99, -99, 0, 
2087, 12, eco1, 0, 15.5, 3.3, 16.55, 20.22, 1.08, -99, 12.08, -99, -99, -99, -99, -99, -99, -99, 0, 
2086, 1, eco1, 0, 11.54, -1.33, 11.56, 25.11, 1.23, -99, 13.4, -99, -99, -99, -99, -99, -99, -99, 0, 
2086, 2, eco1, 0, 7.16, -0.09, 11.9, 9.19, 0.99, -99, 11.25, -99, -99, -99, -99, -99, -99, -99, 0, 
2086, 3, eco1, 0, 12.7, 1.58, 13.86, 12.8, 1.1, -99, 10.9, -99, -99, -99, -99, -99, -99, -99, 0, 
2086, 4, eco1, 0, 8.45, 7.95, 20.71, 51.55, 1.12, -99, 9.94, -99, -99, -99, -99, -99, -99, -99, 0, 
2086, 5, eco1, 0, 8.8, 10.98, 23.97, 40.41, 1.13, -99, 8.67, -99, -99, -99, -99, -99, -99, -99, 0, 
2086, 6, eco1, 0, 17.84, 18.28, 29, 88.18, 1.04, -99, 6.57, -99, -99, -99, -99, -99, -99, -99, 0, 
2086, 7, eco1, 0, 14.43, 22.1, 32.63, 15.58, 0.94, -99, 8.26, -99, -99, -99, -99, -99, -99, -99, 0, 
2086, 8, eco1, 0, 6.79, 22.18, 34.6, 30.13, 0.86, -99, 6.64, -99, -99, -99, -99, -99, -99, -99, 0, 
2086, 9, eco1, 0, 13.44, 19.93, 30.99, 30.2, 0.94, -99, 6.18, -99, -99, -99, -99, -99, -99, -99, 0, 
2086, 10, eco1, 0, 14.41, 15.38, 28.32, 14.22, 0.98, -99, 10.03, -99, -99, -99, -99, -99, -99, -99, 0, 
2086, 11, eco1, 0, 12.52, 10.71, 24.99, 28.38, 1.07, -99, 12.32, -99, -99, -99, -99, -99, -99, -99, 0, 
2086, 12, eco1, 0, 3.71, 10.14, 24.12, 2.41, 0.93, -99, 10.71, -99, -99, -99, -99, -99, -99, -99, 0, 
2085, 1, eco1, 0, 10.7, 4.13, 17.17, 35.09, 1, -99, 11.5, -99, -99, -99, -99, -99, -99, -99, 0, 
2085, 2, eco1, 0, 7.65, 3.96, 17.11, 8.07, 1.09, -99, 12.31, -99, -99, -99, -99, -99, -99, -99, 0, 
2085, 3, eco1, 0, 3.13, 0.81, 14.13, 1.31, 1.15, -99, 11.75, -99, -99, -99, -99, -99, -99, -99, 0, 
2085, 4, eco1, 0, 2.36, 6.2, 21.54, 0.59, 1.01, -99, 10.04, -99, -99, -99, -99, -99, -99, -99, 0, 
2085, 5, eco1, 0, 2.93, 10.9, 26, 12.53, 0.94, -99, 7.81, -99, -99, -99, -99, -99, -99, -99, 0, 
2085, 6, eco1, 0, 13.86, 18.25, 28.75, 64.61, 0.93, -99, 5.95, -99, -99, -99, -99, -99, -99, -99, 0, 
2085, 7, eco1, 0, 8.48, 20.73, 31.91, 16.4, 0.79, -99, 5.47, -99, -99, -99, -99, -99, -99, -99, 0, 
2085, 8, eco1, 0, 18.82, 21.19, 32.06, 237.41, 0.86, -99, 8.09, -99, -99, -99, -99, -99, -99, -99, 0, 
2085, 9, eco1, 0, 14.22, 20.07, 31.48, 26.23, 0.93, -99, 8.11, -99, -99, -99, -99, -99, -99, -99, 0, 
2085, 10, eco1, 0, 10.14, 15.08, 27.79, 7.25, 0.96, -99, 8.42, -99, -99, -99, -99, -99, -99, -99, 0, 
2085, 11, eco1, 0, 14.05, 10.8, 24.12, 86.75, 0.92, -99, 11.93, -99, -99, -99, -99, -99, -99, -99, 0, 
2085, 12, eco1, 0, 8.23, 8.41, 21.76, 10.14, 0.99, -99, 10.61, -99, -99, -99, -99, -99, -99, -99, 0, 
2084, 1, eco1, 0, 4.48, 1.57, 15.79, 1.35, 0.95, -99, 9.52, -99, -99, -99, -99, -99, -99, -99, 0, 
2084, 2, eco1, 0, 10.75, 0.12, 12.07, 21.13, 1.05, -99, 10.98, -99, -99, -99, -99, -99, -99, -99, 0, 
2084, 3, eco1, 0, 10.19, 2.39, 15.07, 25.95, 1.01, -99, 10.53, -99, -99, -99, -99, -99, -99, -99, 0, 
2084, 4, eco1, 0, 11.48, 4.85, 17.55, 50.43, 0.96, -99, 9.68, -99, -99, -99, -99, -99, -99, -99, 0, 
2084, 5, eco1, 0, 12.06, 10.34, 23.56, 57.32, 1.11, -99, 8.6, -99, -99, -99, -99, -99, -99, -99, 0, 
2084, 6, eco1, 0, 17.72, 18.28, 28.29, 224.16, 1.08, -99, 7.6, -99, -99, -99, -99, -99, -99, -99, 0, 
2084, 7, eco1, 0, 11.73, 21.74, 32.39, 185.44, 0.86, -99, 5.18, -99, -99, -99, -99, -99, -99, -99, 0, 
2084, 8, eco1, 0, 17.29, 22.16, 31.79, 57.19, 0.87, -99, 7.36, -99, -99, -99, -99, -99, -99, -99, 0, 
2084, 9, eco1, 0, 12.48, 18.62, 29.94, 54.18, 0.97, -99, 7.7, -99, -99, -99, -99, -99, -99, -99, 0, 
2084, 10, eco1, 0, 12.35, 14.49, 27.15, 68.19, 1.11, -99, 9.13, -99, -99, -99, -99, -99, -99, -99, 0, 
2084, 11, eco1, 0, 12.62, 12.4, 25.71, 67.87, 0.99, -99, 10.2, -99, -99, -99, -99, -99, -99, -99, 0, 
2084, 12, eco1, 0, 6.46, 4.37, 17.58, 2.6, 1.01, -99, 12.27, -99, -99, -99, -99, -99, -99, -99, 0, 
2083, 1, eco1, 0, 8.83, 4.16, 16.82, 18.61, 1.12, -99, 11.11, -99, -99, -99, -99, -99, -99, -99, 0, 
2083, 2, eco1, 0, 5.88, -2.07, 8.83, 4.72, 1.02, -99, 11.41, -99, -99, -99, -99, -99, -99, -99, 0, 
2083, 3, eco1, 0, 8.39, 3.18, 15.64, 7.14, 1.19, -99, 12, -99, -99, -99, -99, -99, -99, -99, 0, 
2083, 4, eco1, 0, 11.86, 6.3, 20.83, 31.92, 1.11, -99, 10.33, -99, -99, -99, -99, -99, -99, -99, 0, 
2083, 5, eco1, 0, 10.98, 9.93, 23.36, 29.39, 1.17, -99, 8.84, -99, -99, -99, -99, -99, -99, -99, 0, 
2083, 6, eco1, 0, 2.87, 22.49, 35.63, 6.96, 0.83, -99, 7.28, -99, -99, -99, -99, -99, -99, -99, 0, 
2083, 7, eco1, 0, 9.08, 22.34, 35.82, 18.19, 0.96, -99, 6.45, -99, -99, -99, -99, -99, -99, -99, 0, 
2083, 8, eco1, 0, 7.16, 22.14, 35.46, 141.9, 1, -99, 6.91, -99, -99, -99, -99, -99, -99, -99, 0, 
2083, 9, eco1, 0, 15.97, 21.02, 33.12, 26.68, 1.18, -99, 6.55, -99, -99, -99, -99, -99, -99, -99, 0, 
2083, 10, eco1, 0, 5.42, 16.07, 30.17, 7.5, 1.03, -99, 8.34, -99, -99, -99, -99, -99, -99, -99, 0, 
2083, 11, eco1, 0, 3.61, 9.02, 24.22, 4.6, 0.99, -99, 10.78, -99, -99, -99, -99, -99, -99, -99, 0, 
2083, 12, eco1, 0, 17.28, 4.6, 17.8, 30.25, 1.02, -99, 12.68, -99, -99, -99, -99, -99, -99, -99, 0, 
2082, 1, eco1, 0, 20.75, 2.94, 14.58, 31.95, 1.14, -99, 14.54, -99, -99, -99, -99, -99, -99, -99, 0, 
2082, 2, eco1, 0, 11.97, 0.58, 12, 19.93, 1.15, -99, 12.05, -99, -99, -99, -99, -99, -99, -99, 0, 
2082, 3, eco1, 0, 12.44, 1.58, 12.58, 16.08, 1.04, -99, 11.63, -99, -99, -99, -99, -99, -99, -99, 0, 
2082, 4, eco1, 0, 2.65, 2.99, 18.14, 4.57, 1.08, -99, 10.13, -99, -99, -99, -99, -99, -99, -99, 0, 
2082, 5, eco1, 0, 5.3, 15.25, 28.38, 19.95, 0.88, -99, 8.26, -99, -99, -99, -99, -99, -99, -99, 0, 
2082, 6, eco1, 0, 10.68, 19.95, 30.96, 57.48, 1.06, -99, 9.15, -99, -99, -99, -99, -99, -99, -99, 0, 
2082, 7, eco1, 0, 8.08, 22.88, 36.33, 78.18, 0.9, -99, 6.63, -99, -99, -99, -99, -99, -99, -99, 0, 
2082, 8, eco1, 0, 6.74, 23.02, 35.99, 20.23, 0.82, -99, 6.49, -99, -99, -99, -99, -99, -99, -99, 0, 
2082, 9, eco1, 0, 8.54, 18.62, 30.3, 10.99, 0.98, -99, 6.21, -99, -99, -99, -99, -99, -99, -99, 0, 
2082, 10, eco1, 0, 10.69, 16.41, 28.61, 25.89, 1.06, -99, 9.54, -99, -99, -99, -99, -99, -99, -99, 0, 
2082, 11, eco1, 0, 11.82, 8.77, 24.34, 120.19, 1.19, -99, 11.11, -99, -99, -99, -99, -99, -99, -99, 0, 
2082, 12, eco1, 0, 6.79, 5.43, 20.77, 6.63, 1.16, -99, 12.5, -99, -99, -99, -99, -99, -99, -99, 0, 
2081, 1, eco1, 0, 4.84, 6.3, 20.93, 2.54, 1.08, -99, 10.41, -99, -99, -99, -99, -99, -99, -99, 0, 
2081, 2, eco1, 0, 7.1, 2.44, 15.32, 6.29, 1.02, -99, 12.23, -99, -99, -99, -99, -99, -99, -99, 0, 
2081, 3, eco1, 0, 7.35, 4.23, 16.59, 31.05, 1.08, -99, 12.81, -99, -99, -99, -99, -99, -99, -99, 0, 
2081, 4, eco1, 0, 8.06, 4.04, 17.98, 21.7, 1.08, -99, 11, -99, -99, -99, -99, -99, -99, -99, 0, 
2081, 5, eco1, 0, 12.05, 9.72, 20.88, 299.21, 0.92, -99, 9.98, -99, -99, -99, -99, -99, -99, -99, 0, 
2081, 6, eco1, 0, 33.11, 16.17, 26.04, 524.8, 0.93, -99, 11.14, -99, -99, -99, -99, -99, -99, -99, 0, 
2081, 7, eco1, 0, 6.87, 20.26, 30.87, 26.35, 0.85, -99, 5.43, -99, -99, -99, -99, -99, -99, -99, 0, 
2081, 8, eco1, 0, 25.69, 21.64, 31.75, 114.58, 0.95, -99, 7.02, -99, -99, -99, -99, -99, -99, -99, 0, 
2081, 9, eco1, 0, 10.14, 19.29, 31.87, 24.16, 0.98, -99, 8.01, -99, -99, -99, -99, -99, -99, -99, 0, 
2081, 10, eco1, 0, 13.99, 15.66, 27.6, 114.24, 1.14, -99, 9.15, -99, -99, -99, -99, -99, -99, -99, 0, 
2081, 11, eco1, 0, 8.18, 9.97, 25.4, 26.67, 0.94, -99, 10.12, -99, -99, -99, -99, -99, -99, -99, 0, 
2081, 12, eco1, 0, 9.58, 3.39, 16.98, 9.6, 0.89, -99, 11.25, -99, -99, -99, -99, -99, -99, -99, 0, 
2080, 1, eco1, 0, 7.66, -3.84, 6.71, 12.22, 0.96, -99, 16.32, -99, -99, -99, -99, -99, -99, -99, 0, 
2080, 2, eco1, 0, 9.82, 0.76, 12.86, 15.17, 0.99, -99, 10.2, -99, -99, -99, -99, -99, -99, -99, 0, 
2080, 3, eco1, 0, 13.96, 4.77, 16.95, 50.47, 1.04, -99, 12.09, -99, -99, -99, -99, -99, -99, -99, 0, 
2080, 4, eco1, 0, 8.24, 7.66, 21.37, 18.45, 1.06, -99, 10.51, -99, -99, -99, -99, -99, -99, -99, 0, 
2080, 5, eco1, 0, 6.72, 9.11, 24.09, 24.71, 0.97, -99, 9.92, -99, -99, -99, -99, -99, -99, -99, 0, 
2080, 6, eco1, 0, 23.23, 19.56, 29.68, 633.95, 0.93, -99, 9.07, -99, -99, -99, -99, -99, -99, -99, 0, 
2080, 7, eco1, 0, 5.37, 22.65, 34.42, 10.88, 0.88, -99, 8.29, -99, -99, -99, -99, -99, -99, -99, 0, 
2080, 8, eco1, 0, 11.79, 21.13, 31.97, 84.2, 0.83, -99, 6.93, -99, -99, -99, -99, -99, -99, -99, 0, 
2080, 9, eco1, 0, 9.91, 19.72, 32.27, 38.08, 0.95, -99, 7.64, -99, -99, -99, -99, -99, -99, -99, 0, 
2080, 10, eco1, 0, 8.54, 16.13, 28.82, 7.75, 1.03, -99, 8.02, -99, -99, -99, -99, -99, -99, -99, 0, 
2080, 11, eco1, 0, 6.47, 11.6, 26.01, 9.5, 1.02, -99, 10.65, -99, -99, -99, -99, -99, -99, -99, 0, 
2080, 12, eco1, 0, 9.38, 8.05, 22.13, 6.06, 1.04, -99, 11.55, -99, -99, -99, -99, -99, -99, -99, 0, 
2079, 1, eco1, 0, 9.43, 2.7, 14.83, 6.49, 1.14, -99, 12.9, -99, -99, -99, -99, -99, -99, -99, 0, 
2079, 2, eco1, 0, 5.79, 1.77, 13.33, 14.19, 0.92, -99, 12.34, -99, -99, -99, -99, -99, -99, -99, 0, 
2079, 3, eco1, 0, 6.49, 6.63, 18.92, 45.19, 0.97, -99, 11.74, -99, -99, -99, -99, -99, -99, -99, 0, 
2079, 4, eco1, 0, 14.77, 8.94, 22.32, 38.87, 1.05, -99, 8.28, -99, -99, -99, -99, -99, -99, -99, 0, 
2079, 5, eco1, 0, 17.14, 17.7, 30.71, 42.95, 0.86, -99, 6.76, -99, -99, -99, -99, -99, -99, -99, 0, 
2079, 6, eco1, 0, 8.01, 20.33, 30.93, 44.34, 0.81, -99, 4.55, -99, -99, -99, -99, -99, -99, -99, 0, 
2079, 7, eco1, 0, 18.32, 21.84, 33.21, 344.2, 0.87, -99, 6, -99, -99, -99, -99, -99, -99, -99, 0, 
2079, 8, eco1, 0, 17.8, 18.52, 31.28, 143.37, 0.99, -99, 6.39, -99, -99, -99, -99, -99, -99, -99, 0, 
2079, 9, eco1, 0, 9.11, 15.48, 29.27, 22.81, 1.07, -99, 9.25, -99, -99, -99, -99, -99, -99, -99, 0, 
2079, 10, eco1, 0, 5.82, 10.72, 24.65, 23.92, 0.99, -99, 11.26, -99, -99, -99, -99, -99, -99, -99, 0, 
2079, 11, eco1, 0, 7.52, 8.19, 22.99, 12.92, 0.93, -99, 9.79, -99, -99, -99, -99, -99, -99, -99, 0, 
2079, 12, eco1, 0, 5.11, -0.97, 11.61, 3, 0.99, -99, 13.08, -99, -99, -99, -99, -99, -99, -99, 0, 
2078, 1, eco1, 0, 15.15, 2.96, 14.48, 107.3, 1.13, -99, 14.53, -99, -99, -99, -99, -99, -99, -99, 0, 
2078, 2, eco1, 0, 8.5, 3.85, 17.23, 9.31, 1.12, -99, 14.3, -99, -99, -99, -99, -99, -99, -99, 0, 
2078, 3, eco1, 0, 3.18, 7.14, 21.7, 2.29, 1.05, -99, 8.32, -99, -99, -99, -99, -99, -99, -99, 0, 
2078, 4, eco1, 0, 4.65, 13.36, 28.31, 4.36, 0.89, -99, 8.66, -99, -99, -99, -99, -99, -99, -99, 0, 
2078, 5, eco1, 0, 9.37, 18.73, 31.62, 96.54, 0.83, -99, 6.73, -99, -99, -99, -99, -99, -99, -99, 0, 
2078, 6, eco1, 0, 8.36, 22.12, 33.76, 13.74, 0.85, -99, 6.3, -99, -99, -99, -99, -99, -99, -99, 0, 
2078, 7, eco1, 0, 21.1, 22.76, 34.88, 1032.17, 0.85, -99, 7.06, -99, -99, -99, -99, -99, -99, -99, 0, 
2078, 8, eco1, 0, 4.75, 20.54, 34.34, 20.99, 1.11, -99, 5.92, -99, -99, -99, -99, -99, -99, -99, 0, 
2078, 9, eco1, 0, 3.68, 14.34, 28.49, 6.7, 0.99, -99, 9.21, -99, -99, -99, -99, -99, -99, -99, 0, 
2078, 10, eco1, 0, 7.52, 5.93, 20.73, 10.02, 0.96, -99, 11.78, -99, -99, -99, -99, -99, -99, -99, 0, 
2078, 11, eco1, 0, 12.71, 2.04, 15.71, 18.69, 1.02, -99, 10.97, -99, -99, -99, -99, -99, -99, -99, 0, 
2078, 12, eco1, 0, 8.87, 2.64, 15.45, 10.26, 1.09, -99, 12.7, -99, -99, -99, -99, -99, -99, -99, 0, 
2077, 1, eco1, 0, 8.1, 2.76, 15.38, 7.45, 0.98, -99, 11.71, -99, -99, -99, -99, -99, -99, -99, 0, 
2077, 2, eco1, 0, 8.45, 3.24, 16.38, 5.3, 1.13, -99, 11.05, -99, -99, -99, -99, -99, -99, -99, 0, 
2077, 3, eco1, 0, 3.72, 6.32, 20.79, 6.19, 0.97, -99, 9.12, -99, -99, -99, -99, -99, -99, -99, 0, 
2077, 4, eco1, 0, 10, 12.42, 26.06, 16.12, 1.12, -99, 7.55, -99, -99, -99, -99, -99, -99, -99, 0, 
2077, 5, eco1, 0, 1.52, 16.4, 30.67, 7.91, 1.01, -99, 6.03, -99, -99, -99, -99, -99, -99, -99, 0, 
2077, 6, eco1, 0, 31, 20.59, 32.57, 437.54, 1.01, -99, 7.45, -99, -99, -99, -99, -99, -99, -99, 0, 
2077, 7, eco1, 0, 10.49, 23.33, 36.31, 29.04, 0.93, -99, 7.61, -99, -99, -99, -99, -99, -99, -99, 0, 
2077, 8, eco1, 0, 5.14, 20.12, 33.44, 8.79, 0.88, -99, 7.31, -99, -99, -99, -99, -99, -99, -99, 0, 
2077, 9, eco1, 0, 13.16, 14.83, 26.83, 16.81, 0.94, -99, 10.58, -99, -99, -99, -99, -99, -99, -99, 0, 
2077, 10, eco1, 0, 5.44, 7.97, 23.03, 18.12, 0.97, -99, 11.77, -99, -99, -99, -99, -99, -99, -99, 0, 
2077, 11, eco1, 0, 9.57, 7.1, 21.76, 22.37, 1, -99, 11.3, -99, -99, -99, -99, -99, -99, -99, 0, 
2077, 12, eco1, 0, 4.65, 1.76, 15.25, 3.68, 0.99, -99, 12.62, -99, -99, -99, -99, -99, -99, -99, 0, 
2076, 1, eco1, 0, 15.13, 1.57, 13.45, 26.77, 1.08, -99, 11.43, -99, -99, -99, -99, -99, -99, -99, 0, 
2076, 2, eco1, 0, 9.8, 3.36, 15.61, 8.4, 1.06, -99, 12.03, -99, -99, -99, -99, -99, -99, -99, 0, 
2076, 3, eco1, 0, 6.89, 5.39, 19.96, 26.12, 1.08, -99, 8.87, -99, -99, -99, -99, -99, -99, -99, 0, 
2076, 4, eco1, 0, 7.49, 11.07, 26, 8.15, 1.03, -99, 9.05, -99, -99, -99, -99, -99, -99, -99, 0, 
2076, 5, eco1, 0, 11.12, 18.64, 30.94, 27.15, 0.99, -99, 7.84, -99, -99, -99, -99, -99, -99, -99, 0, 
2076, 6, eco1, 0, 7.58, 22.01, 33.8, 11.38, 0.9, -99, 6.44, -99, -99, -99, -99, -99, -99, -99, 0, 
2076, 7, eco1, 0, 9.26, 22.94, 34.62, 57.52, 0.81, -99, 8.23, -99, -99, -99, -99, -99, -99, -99, 0, 
2076, 8, eco1, 0, 15.21, 19.45, 30.97, 399.1, 0.9, -99, 6.88, -99, -99, -99, -99, -99, -99, -99, 0, 
2076, 9, eco1, 0, 22.59, 14.59, 27.22, 207.72, 1.07, -99, 8.94, -99, -99, -99, -99, -99, -99, -99, 0, 
2076, 10, eco1, 0, 9.95, 9.8, 23.74, 10.74, 1.1, -99, 12.09, -99, -99, -99, -99, -99, -99, -99, 0, 
2076, 11, eco1, 0, 8.58, 2.88, 16.44, 40.17, 1.05, -99, 11.04, -99, -99, -99, -99, -99, -99, -99, 0, 
2076, 12, eco1, 0, 10.95, 0.65, 13.61, 18.61, 1.33, -99, 11.78, -99, -99, -99, -99, -99, -99, -99, 0, 
2075, 1, eco1, 0, 7.99, -6.47, 5.51, 4.06, 1.38, -99, 11.58, -99, -99, -99, -99, -99, -99, -99, 0, 
2075, 2, eco1, 0, 11.38, 2.56, 14.5, 26.47, 1.1, -99, 9.84, -99, -99, -99, -99, -99, -99, -99, 0, 
2075, 3, eco1, 0, 8.07, 5.96, 20.06, 26.94, 1.02, -99, 9.16, -99, -99, -99, -99, -99, -99, -99, 0, 
2075, 4, eco1, 0, 10.54, 11.07, 24.91, 243.12, 0.98, -99, 8.57, -99, -99, -99, -99, -99, -99, -99, 0, 
2075, 5, eco1, 0, 8.86, 16.72, 29.21, 31.9, 0.79, -99, 6.17, -99, -99, -99, -99, -99, -99, -99, 0, 
2075, 6, eco1, 0, 25.35, 20.71, 31.02, 659.81, 0.9, -99, 9.59, -99, -99, -99, -99, -99, -99, -99, 0, 
2075, 7, eco1, 0, 24.82, 20.52, 30.6, 159.81, 0.93, -99, 7.93, -99, -99, -99, -99, -99, -99, -99, 0, 
2075, 8, eco1, 0, 10.84, 17.98, 29.32, 18.22, 1, -99, 6.86, -99, -99, -99, -99, -99, -99, -99, 0, 
2075, 9, eco1, 0, 17, 13.28, 25.84, 42.62, 1.07, -99, 10, -99, -99, -99, -99, -99, -99, -99, 0, 
2075, 10, eco1, 0, 10.07, 8.76, 22.91, 64.81, 1, -99, 11.94, -99, -99, -99, -99, -99, -99, -99, 0, 
2075, 11, eco1, 0, 19.05, 6.45, 19.48, 28.8, 1.01, -99, 12.79, -99, -99, -99, -99, -99, -99, -99, 0, 
2075, 12, eco1, 0, 7.72, -1.32, 11.03, 10.31, 1.03, -99, 13.47, -99, -99, -99, -99, -99, -99, -99, 0, 
2074, 1, eco1, 0, 10.63, -1.55, 9.97, 46.07, 1.01, -99, 12.77, -99, -99, -99, -99, -99, -99, -99, 0, 
2074, 2, eco1, 0, 17.15, 4.64, 17.8, 38.7, 1.14, -99, 11.78, -99, -99, -99, -99, -99, -99, -99, 0, 
2074, 3, eco1, 0, 11.06, 9.43, 22.29, 13.49, 1.11, -99, 9.41, -99, -99, -99, -99, -99, -99, -99, 0, 
2074, 4, eco1, 0, 10.6, 8.89, 24.46, 24.15, 0.91, -99, 9.74, -99, -99, -99, -99, -99, -99, -99, 0, 
2074, 5, eco1, 0, 2.63, 17.22, 31.44, 8.64, 1.05, -99, 7.14, -99, -99, -99, -99, -99, -99, -99, 0, 
2074, 6, eco1, 0, 13.88, 23.43, 35.8, 21.61, 0.91, -99, 9.93, -99, -99, -99, -99, -99, -99, -99, 0, 
2074, 7, eco1, 0, 16.05, 22.8, 35.15, 157.96, 0.9, -99, 8.05, -99, -99, -99, -99, -99, -99, -99, 0, 
2074, 8, eco1, 0, 5.45, 19.4, 32.68, 8.9, 0.98, -99, 7.72, -99, -99, -99, -99, -99, -99, -99, 0, 
2074, 9, eco1, 0, 6.19, 17.1, 30.46, 41.75, 1.03, -99, 9.37, -99, -99, -99, -99, -99, -99, -99, 0, 
2074, 10, eco1, 0, 8.67, 10.71, 24.76, 26.12, 1.11, -99, 12.94, -99, -99, -99, -99, -99, -99, -99, 0, 
2074, 11, eco1, 0, 10.37, 3.56, 16.39, 8.11, 1.15, -99, 13.71, -99, -99, -99, -99, -99, -99, -99, 0, 
2074, 12, eco1, 0, 4.21, 0.19, 13.95, 2.68, 1.05, -99, 13.01, -99, -99, -99, -99, -99, -99, -99, 0, 
2073, 1, eco1, 0, 4.09, 0.16, 11.74, 2.52, 1.14, -99, 13.22, -99, -99, -99, -99, -99, -99, -99, 0, 
2073, 2, eco1, 0, 5.88, 2.09, 16.12, 7.65, 1.04, -99, 13.55, -99, -99, -99, -99, -99, -99, -99, 0, 
2073, 3, eco1, 0, 9.86, 4.57, 18.71, 40.07, 1.09, -99, 10.88, -99, -99, -99, -99, -99, -99, -99, 0, 
2073, 4, eco1, 0, 3.98, 10.85, 25.41, 7.86, 1.07, -99, 9.27, -99, -99, -99, -99, -99, -99, -99, 0, 
2073, 5, eco1, 0, 12.83, 18.22, 29.84, 115.29, 1.01, -99, 7.95, -99, -99, -99, -99, -99, -99, -99, 0, 
2073, 6, eco1, 0, 12.68, 21.19, 31.63, 54.42, 0.9, -99, 5.84, -99, -99, -99, -99, -99, -99, -99, 0, 
2073, 7, eco1, 0, 12.61, 21.73, 32.68, 33.05, 0.86, -99, 7.03, -99, -99, -99, -99, -99, -99, -99, 0, 
2073, 8, eco1, 0, 14.13, 17.86, 30.54, 51.96, 0.94, -99, 8.08, -99, -99, -99, -99, -99, -99, -99, 0, 
2073, 9, eco1, 0, 3.97, 15.08, 28.68, 11.26, 1.07, -99, 9.94, -99, -99, -99, -99, -99, -99, -99, 0, 
2073, 10, eco1, 0, 12.72, 11.12, 24.68, 53.1, 1.01, -99, 11.31, -99, -99, -99, -99, -99, -99, -99, 0, 
2073, 11, eco1, 0, 15.33, 5.09, 19.42, 32.46, 0.94, -99, 9.45, -99, -99, -99, -99, -99, -99, -99, 0, 
2073, 12, eco1, 0, 15.01, 3.28, 16.08, 22.48, 1.18, -99, 11.39, -99, -99, -99, -99, -99, -99, -99, 0, 
2072, 1, eco1, 0, 10.84, 3.41, 14, 16.09, 1.13, -99, 14.09, -99, -99, -99, -99, -99, -99, -99, 0, 
2072, 2, eco1, 0, 11.26, 5.68, 17.65, 34.14, 1.03, -99, 9.19, -99, -99, -99, -99, -99, -99, -99, 0, 
2072, 3, eco1, 0, 6.45, 3.39, 17.25, 6.03, 1.06, -99, 10.74, -99, -99, -99, -99, -99, -99, -99, 0, 
2072, 4, eco1, 0, 7.17, 11.05, 25.18, 18.6, 1.15, -99, 8.56, -99, -99, -99, -99, -99, -99, -99, 0, 
2072, 5, eco1, 0, 8.44, 20.69, 33.07, 22.23, 0.97, -99, 6.74, -99, -99, -99, -99, -99, -99, -99, 0, 
2072, 6, eco1, 0, 10.18, 21.24, 33.61, 22.44, 0.89, -99, 6.84, -99, -99, -99, -99, -99, -99, -99, 0, 
2072, 7, eco1, 0, 6.85, 22.37, 33.67, 15.73, 0.85, -99, 8.42, -99, -99, -99, -99, -99, -99, -99, 0, 
2072, 8, eco1, 0, 14.7, 19.49, 30.57, 83.46, 0.86, -99, 8.4, -99, -99, -99, -99, -99, -99, -99, 0, 
2072, 9, eco1, 0, 13.05, 14.35, 26.86, 22.87, 1.01, -99, 10.53, -99, -99, -99, -99, -99, -99, -99, 0, 
2072, 10, eco1, 0, 10.64, 8.38, 23.05, 26.4, 0.92, -99, 9.72, -99, -99, -99, -99, -99, -99, -99, 0, 
2072, 11, eco1, 0, 20.22, 6.27, 19.69, 52.25, 1.15, -99, 12.33, -99, -99, -99, -99, -99, -99, -99, 0, 
2072, 12, eco1, 0, 6.67, 1.74, 15.19, 5.4, 1.13, -99, 14.28, -99, -99, -99, -99, -99, -99, -99, 0, 
2071, 1, eco1, 0, 3.98, 3.81, 16.34, 21.42, 0.99, -99, 10.31, -99, -99, -99, -99, -99, -99, -99, 0, 
2071, 2, eco1, 0, 12.23, 6.81, 18.9, 48.46, 1.26, -99, 11.43, -99, -99, -99, -99, -99, -99, -99, 0, 
2071, 3, eco1, 0, 4.87, 3.06, 18.81, 16.16, 1.17, -99, 9.74, -99, -99, -99, -99, -99, -99, -99, 0, 
2071, 4, eco1, 0, 9.74, 14.75, 28.2, 9.07, 0.92, -99, 7.7, -99, -99, -99, -99, -99, -99, -99, 0, 
2071, 5, eco1, 0, 7.29, 16.11, 30.25, 27.2, 1.09, -99, 7.11, -99, -99, -99, -99, -99, -99, -99, 0, 
2071, 6, eco1, 0, 18.54, 20.95, 33.1, 58.45, 1.07, -99, 6.48, -99, -99, -99, -99, -99, -99, -99, 0, 
2071, 7, eco1, 0, 10.22, 20.23, 33.8, 26.43, 0.94, -99, 7.09, -99, -99, -99, -99, -99, -99, -99, 0, 
2071, 8, eco1, 0, 4.09, 18.14, 31.26, 12.51, 0.91, -99, 6.8, -99, -99, -99, -99, -99, -99, -99, 0, 
2071, 9, eco1, 0, 12.11, 14.99, 27.57, 90.41, 1.06, -99, 8.95, -99, -99, -99, -99, -99, -99, -99, 0, 
2071, 10, eco1, 0, 5, 7.94, 23.01, 11.54, 1.02, -99, 12.68, -99, -99, -99, -99, -99, -99, -99, 0, 
2071, 11, eco1, 0, 19.12, 5.43, 19.13, 53.96, 0.97, -99, 13.14, -99, -99, -99, -99, -99, -99, -99, 0, 
2071, 12, eco1, 0, 8.19, 1.16, 15.45, 23.45, 1.03, -99, 12.58, -99, -99, -99, -99, -99, -99, -99, 0, 
2070, 1, eco1, 0, 6.67, 2.9, 14.49, 3.7, 1.06, -99, 10.9, -99, -99, -99, -99, -99, -99, -99, 0, 
2070, 2, eco1, 0, 13.43, 4.1, 16.75, 7.3, 0.94, -99, 10.45, -99, -99, -99, -99, -99, -99, -99, 0, 
2070, 3, eco1, 0, 15.28, 6.39, 19.83, 40.17, 1.04, -99, 11.23, -99, -99, -99, -99, -99, -99, -99, 0, 
2070, 4, eco1, 0, 9.93, 11.81, 26.35, 36.69, 1.02, -99, 9.25, -99, -99, -99, -99, -99, -99, -99, 0, 
2070, 5, eco1, 0, 4.41, 19.61, 33.4, 15.49, 0.94, -99, 7.19, -99, -99, -99, -99, -99, -99, -99, 0, 
2070, 6, eco1, 0, 8.92, 22.19, 34.46, 19.9, 0.9, -99, 7.48, -99, -99, -99, -99, -99, -99, -99, 0, 
2070, 7, eco1, 0, 9.71, 21.93, 33.94, 49.79, 0.91, -99, 7.44, -99, -99, -99, -99, -99, -99, -99, 0, 
2070, 8, eco1, 0, 8.23, 17.12, 30.7, 65.73, 0.89, -99, 6.57, -99, -99, -99, -99, -99, -99, -99, 0, 
2070, 9, eco1, 0, 8.78, 13.06, 27.96, 52.15, 0.83, -99, 9.56, -99, -99, -99, -99, -99, -99, -99, 0, 
2070, 10, eco1, 0, 9.84, 8.94, 23.29, 12.33, 1.08, -99, 12.52, -99, -99, -99, -99, -99, -99, -99, 0, 
2070, 11, eco1, 0, 14.18, 3.73, 17.47, 17.35, 1.13, -99, 10.65, -99, -99, -99, -99, -99, -99, -99, 0, 
2070, 12, eco1, 0, 6.86, 2.27, 15.69, 6.18, 1.09, -99, 13.17, -99, -99, -99, -99, -99, -99, -99, 0, 
2069, 1, eco1, 0, 10.66, 2.25, 15.1, 9.69, 0.99, -99, 11.83, -99, -99, -99, -99, -99, -99, -99, 0, 
2069, 2, eco1, 0, 7.97, 0.9, 13.54, 29.89, 1.28, -99, 11.72, -99, -99, -99, -99, -99, -99, -99, 0, 
2069, 3, eco1, 0, 7.48, 2.11, 16.82, 6.6, 1.09, -99, 10.52, -99, -99, -99, -99, -99, -99, -99, 0, 
2069, 4, eco1, 0, 8.36, 9.02, 22.91, 49.38, 1.08, -99, 9.01, -99, -99, -99, -99, -99, -99, -99, 0, 
2069, 5, eco1, 0, 9.07, 15.62, 27.48, 74.82, 0.97, -99, 7.83, -99, -99, -99, -99, -99, -99, -99, 0, 
2069, 6, eco1, 0, 20.83, 20, 30.61, 235.81, 0.96, -99, 5.7, -99, -99, -99, -99, -99, -99, -99, 0, 
2069, 7, eco1, 0, 8.01, 21.63, 33.25, 33.93, 0.94, -99, 6.42, -99, -99, -99, -99, -99, -99, -99, 0, 
2069, 8, eco1, 0, 17.34, 19.18, 30.91, 301.11, 1.07, -99, 6.11, -99, -99, -99, -99, -99, -99, -99, 0, 
2069, 9, eco1, 0, 9.86, 12.22, 26.3, 28.2, 1.01, -99, 9.77, -99, -99, -99, -99, -99, -99, -99, 0, 
2069, 10, eco1, 0, 11.36, 7.95, 22.29, 21.83, 1.06, -99, 11.2, -99, -99, -99, -99, -99, -99, -99, 0, 
2069, 11, eco1, 0, 11.3, 4.45, 17.54, 14.44, 1.1, -99, 12.27, -99, -99, -99, -99, -99, -99, -99, 0, 
2069, 12, eco1, 0, 6.81, -0.5, 12.72, 17.33, 1.03, -99, 9.98, -99, -99, -99, -99, -99, -99, -99, 0, 
2068, 1, eco1, 0, 7.93, 0.33, 13.15, 7.36, 1.11, -99, 12.92, -99, -99, -99, -99, -99, -99, -99, 0, 
2068, 2, eco1, 0, 10.85, 2, 14.05, 31.64, 1.03, -99, 11.03, -99, -99, -99, -99, -99, -99, -99, 0, 
2068, 3, eco1, 0, 4.31, 4.98, 19.76, 6.29, 1, -99, 11.04, -99, -99, -99, -99, -99, -99, -99, 0, 
2068, 4, eco1, 0, 11.29, 9.85, 24.27, 22.3, 0.99, -99, 7.19, -99, -99, -99, -99, -99, -99, -99, 0, 
2068, 5, eco1, 0, 15.31, 16.97, 28.32, 66.67, 1.01, -99, 6.72, -99, -99, -99, -99, -99, -99, -99, 0, 
2068, 6, eco1, 0, 12.2, 20.73, 32.82, 59.65, 0.98, -99, 6.25, -99, -99, -99, -99, -99, -99, -99, 0, 
2068, 7, eco1, 0, 14.42, 21.76, 32.59, 107.1, 0.88, -99, 8.48, -99, -99, -99, -99, -99, -99, -99, 0, 
2068, 8, eco1, 0, 7.56, 20.11, 31.54, 23.57, 0.89, -99, 7.72, -99, -99, -99, -99, -99, -99, -99, 0, 
2068, 9, eco1, 0, 9.61, 14.84, 26.64, 21.56, 0.98, -99, 8.48, -99, -99, -99, -99, -99, -99, -99, 0, 
2068, 10, eco1, 0, 6.24, 9.83, 25.06, 32.01, 1.04, -99, 10.66, -99, -99, -99, -99, -99, -99, -99, 0, 
2068, 11, eco1, 0, 11.7, 7.26, 21.12, 51.73, 1.05, -99, 13.82, -99, -99, -99, -99, -99, -99, -99, 0, 
2068, 12, eco1, 0, 9.91, 1.51, 15.9, 25.33, 1.15, -99, 12.7, -99, -99, -99, -99, -99, -99, -99, 0, 
2067, 1, eco1, 0, 14.72, -2.86, 7.98, 19.55, 1.15, -99, 15.77, -99, -99, -99, -99, -99, -99, -99, 0, 
2067, 2, eco1, 0, 4.31, 0.93, 14.47, 2.25, 0.98, -99, 10.25, -99, -99, -99, -99, -99, -99, -99, 0, 
2067, 3, eco1, 0, 13.28, 7.89, 20.98, 15.26, 0.96, -99, 10.22, -99, -99, -99, -99, -99, -99, -99, 0, 
2067, 4, eco1, 0, 7.86, 9.18, 23.11, 98.77, 1.03, -99, 10.51, -99, -99, -99, -99, -99, -99, -99, 0, 
2067, 5, eco1, 0, 9.37, 16.96, 29.2, 17.17, 0.98, -99, 6.87, -99, -99, -99, -99, -99, -99, -99, 0, 
2067, 6, eco1, 0, 13.78, 22.07, 32.2, 106.45, 0.83, -99, 7.02, -99, -99, -99, -99, -99, -99, -99, 0, 
2067, 7, eco1, 0, 13.11, 20.62, 32.15, 36.44, 0.84, -99, 5.21, -99, -99, -99, -99, -99, -99, -99, 0, 
2067, 8, eco1, 0, 20.52, 17.85, 28.97, 214.68, 0.97, -99, 6.62, -99, -99, -99, -99, -99, -99, -99, 0, 
2067, 9, eco1, 0, 14.04, 13.22, 25.75, 52.21, 1.11, -99, 9.21, -99, -99, -99, -99, -99, -99, -99, 0, 
2067, 10, eco1, 0, 15.96, 9.74, 23.32, 51.52, 1.11, -99, 9.72, -99, -99, -99, -99, -99, -99, -99, 0, 
2067, 11, eco1, 0, 15.05, 2.54, 15.78, 33.86, 1.05, -99, 13.08, -99, -99, -99, -99, -99, -99, -99, 0, 
2067, 12, eco1, 0, 10.5, -1.22, 10.34, 5.1, 1.06, -99, 13.29, -99, -99, -99, -99, -99, -99, -99, 0, 
2066, 1, eco1, 0, 10.25, -1.96, 9.31, 110.69, 0.99, -99, 12.8, -99, -99, -99, -99, -99, -99, -99, 0, 
2066, 2, eco1, 0, 9.01, 3.42, 15.91, 11.78, 1.08, -99, 10.98, -99, -99, -99, -99, -99, -99, -99, 0, 
2066, 3, eco1, 0, 5.1, 6.04, 19.55, 11.46, 1.09, -99, 9.37, -99, -99, -99, -99, -99, -99, -99, 0, 
2066, 4, eco1, 0, 10.52, 11.86, 24.71, 55.11, 0.96, -99, 9.24, -99, -99, -99, -99, -99, -99, -99, 0, 
2066, 5, eco1, 0, 7.79, 16.47, 31.05, 53.94, 0.96, -99, 7.41, -99, -99, -99, -99, -99, -99, -99, 0, 
2066, 6, eco1, 0, 9.19, 19.62, 32.02, 81.27, 0.87, -99, 6.17, -99, -99, -99, -99, -99, -99, -99, 0, 
2066, 7, eco1, 0, 15.09, 20.41, 32.27, 141.27, 0.92, -99, 6.45, -99, -99, -99, -99, -99, -99, -99, 0, 
2066, 8, eco1, 0, 8.8, 17.92, 30.52, 19.24, 1.08, -99, 8.55, -99, -99, -99, -99, -99, -99, -99, 0, 
2066, 9, eco1, 0, 11.09, 17.14, 29.36, 27.82, 1.02, -99, 9.09, -99, -99, -99, -99, -99, -99, -99, 0, 
2066, 10, eco1, 0, 9.82, 6.95, 20.81, 26.29, 1.12, -99, 9.95, -99, -99, -99, -99, -99, -99, -99, 0, 
2066, 11, eco1, 0, 9.45, 5.16, 18.67, 13.01, 1.17, -99, 11.74, -99, -99, -99, -99, -99, -99, -99, 0, 
2066, 12, eco1, 0, 6.3, 2.66, 16.23, 1.63, 1.09, -99, 12.2, -99, -99, -99, -99, -99, -99, -99, 0, 
2065, 1, eco1, 0, 9.95, 2.24, 14.51, 11.21, 1.13, -99, 11.95, -99, -99, -99, -99, -99, -99, -99, 0, 
2065, 2, eco1, 0, 11.25, 5.21, 17.49, 20.73, 1.2, -99, 11.04, -99, -99, -99, -99, -99, -99, -99, 0, 
2065, 3, eco1, 0, 8.96, 9.38, 22.04, 18.87, 1.09, -99, 8.83, -99, -99, -99, -99, -99, -99, -99, 0, 
2065, 4, eco1, 0, 3.97, 11.91, 27.3, 28.74, 0.92, -99, 7.67, -99, -99, -99, -99, -99, -99, -99, 0, 
2065, 5, eco1, 0, 9.11, 16.43, 29.86, 80.68, 0.93, -99, 6.59, -99, -99, -99, -99, -99, -99, -99, 0, 
2065, 6, eco1, 0, 6.38, 19.75, 30.78, 70.71, 0.84, -99, 6.98, -99, -99, -99, -99, -99, -99, -99, 0, 
2065, 7, eco1, 0, 20.73, 21.9, 32.01, 74.8, 0.93, -99, 6.97, -99, -99, -99, -99, -99, -99, -99, 0, 
2065, 8, eco1, 0, 14.44, 17.61, 29.54, 36.2, 0.99, -99, 6.66, -99, -99, -99, -99, -99, -99, -99, 0, 
2065, 9, eco1, 0, 8.04, 13.26, 26.39, 46.22, 1.06, -99, 10.17, -99, -99, -99, -99, -99, -99, -99, 0, 
2065, 10, eco1, 0, 10.39, 9.35, 23.05, 7.77, 1.18, -99, 12.15, -99, -99, -99, -99, -99, -99, -99, 0, 
2065, 11, eco1, 0, 14.16, 7.37, 20.78, 29.08, 1.11, -99, 13.05, -99, -99, -99, -99, -99, -99, -99, 0, 
2065, 12, eco1, 0, 11.5, 1.29, 13.7, 6.65, 1.13, -99, 13.88, -99, -99, -99, -99, -99, -99, -99, 0, 
2064, 1, eco1, 0, 14.06, 0.63, 12.94, 16.92, 1.06, -99, 13.9, -99, -99, -99, -99, -99, -99, -99, 0, 
2064, 2, eco1, 0, 8.64, 2.32, 14.65, 14.42, 1.13, -99, 12.25, -99, -99, -99, -99, -99, -99, -99, 0, 
2064, 3, eco1, 0, 10.8, 3.3, 16.23, 63.62, 0.98, -99, 9.82, -99, -99, -99, -99, -99, -99, -99, 0, 
2064, 4, eco1, 0, 16.65, 9.03, 21.89, 22.72, 1.25, -99, 8.42, -99, -99, -99, -99, -99, -99, -99, 0, 
2064, 5, eco1, 0, 8.83, 19.95, 32.72, 39.68, 1.03, -99, 8.78, -99, -99, -99, -99, -99, -99, -99, 0, 
2064, 6, eco1, 0, 8.06, 22.1, 34.43, 38.89, 0.87, -99, 7.08, -99, -99, -99, -99, -99, -99, -99, 0, 
2064, 7, eco1, 0, 10.81, 21.91, 33.92, 68.85, 0.96, -99, 5.63, -99, -99, -99, -99, -99, -99, -99, 0, 
2064, 8, eco1, 0, 20.38, 21, 32.14, 159.5, 0.99, -99, 9.34, -99, -99, -99, -99, -99, -99, -99, 0, 
2064, 9, eco1, 0, 10.11, 15.25, 28.19, 12.51, 1.05, -99, 9.1, -99, -99, -99, -99, -99, -99, -99, 0, 
2064, 10, eco1, 0, 7.52, 12.47, 27.32, 30.37, 0.97, -99, 10.87, -99, -99, -99, -99, -99, -99, -99, 0, 
2064, 11, eco1, 0, 9.51, 9.12, 22.08, 25, 1.11, -99, 12.31, -99, -99, -99, -99, -99, -99, -99, 0, 
2064, 12, eco1, 0, 7.43, 0.1, 13.67, 61.52, 0.95, -99, 13.17, -99, -99, -99, -99, -99, -99, -99, 0, 
2063, 1, eco1, 0, 5.35, -0.08, 12.47, 8.84, 1.04, -99, 12.89, -99, -99, -99, -99, -99, -99, -99, 0, 
2063, 2, eco1, 0, 5.81, 4.29, 17.44, 21.94, 0.92, -99, 11.99, -99, -99, -99, -99, -99, -99, -99, 0, 
2063, 3, eco1, 0, 5.85, 9.35, 22.1, 8.53, 1.1, -99, 11.78, -99, -99, -99, -99, -99, -99, -99, 0, 
2063, 4, eco1, 0, 4.44, 12.49, 25.09, 36.39, 0.84, -99, 7.59, -99, -99, -99, -99, -99, -99, -99, 0, 
2063, 5, eco1, 0, 16.94, 16.58, 28.26, 774.43, 0.87, -99, 6.56, -99, -99, -99, -99, -99, -99, -99, 0, 
2063, 6, eco1, 0, 14.5, 21.64, 31.33, 94.15, 0.8, -99, 6.58, -99, -99, -99, -99, -99, -99, -99, 0, 
2063, 7, eco1, 0, 34.67, 22.09, 32.55, 691.85, 0.96, -99, 6.57, -99, -99, -99, -99, -99, -99, -99, 0, 
2063, 8, eco1, 0, 9.32, 16.16, 29.32, 18.84, 1.03, -99, 8, -99, -99, -99, -99, -99, -99, -99, 0, 
2063, 9, eco1, 0, 19.45, 14.84, 27.51, 146.91, 1.11, -99, 9.45, -99, -99, -99, -99, -99, -99, -99, 0, 
2063, 10, eco1, 0, 6.17, 7.36, 21.61, 19.5, 1.09, -99, 13.31, -99, -99, -99, -99, -99, -99, -99, 0, 
2063, 11, eco1, 0, 14.23, 2.49, 15.09, 53.1, 1.02, -99, 10.87, -99, -99, -99, -99, -99, -99, -99, 0, 
2063, 12, eco1, 0, 7.9, 1.73, 14.97, 17.89, 1.02, -99, 10.98, -99, -99, -99, -99, -99, -99, -99, 0, 
2062, 1, eco1, 0, 9.53, -0.17, 10.46, 17.21, 1.06, -99, 11.63, -99, -99, -99, -99, -99, -99, -99, 0, 
2062, 2, eco1, 0, 18.01, 4.15, 16.41, 70.3, 1.16, -99, 13.8, -99, -99, -99, -99, -99, -99, -99, 0, 
2062, 3, eco1, 0, 8.56, 7.55, 20.05, 61.08, 1.26, -99, 10.84, -99, -99, -99, -99, -99, -99, -99, 0, 
2062, 4, eco1, 0, 8.1, 14.52, 27.29, 33.88, 1, -99, 7.51, -99, -99, -99, -99, -99, -99, -99, 0, 
2062, 5, eco1, 0, 16.12, 18.14, 31.56, 29.25, 1.03, -99, 7.62, -99, -99, -99, -99, -99, -99, -99, 0, 
2062, 6, eco1, 0, 8.65, 22.94, 36.66, 53.03, 0.88, -99, 8.92, -99, -99, -99, -99, -99, -99, -99, 0, 
2062, 7, eco1, 0, 3.79, 23.75, 37.13, 45.24, 0.89, -99, 8.44, -99, -99, -99, -99, -99, -99, -99, 0, 
2062, 8, eco1, 0, 8.16, 17.16, 29.71, 24.86, 0.96, -99, 7.49, -99, -99, -99, -99, -99, -99, -99, 0, 
2062, 9, eco1, 0, 10.9, 14.21, 28.23, 122.82, 1.01, -99, 9.08, -99, -99, -99, -99, -99, -99, -99, 0, 
2062, 10, eco1, 0, 15.01, 9.13, 22.56, 66.81, 1.03, -99, 11.5, -99, -99, -99, -99, -99, -99, -99, 0, 
2062, 11, eco1, 0, 17.14, 5.46, 19.15, 19.69, 1.08, -99, 11.82, -99, -99, -99, -99, -99, -99, -99, 0, 
2062, 12, eco1, 0, 3.6, 1.08, 15.89, 2.29, 1.15, -99, 10.59, -99, -99, -99, -99, -99, -99, -99, 0, 
2061, 1, eco1, 0, 3.53, 0.05, 12.9, 2.41, 1.08, -99, 13.48, -99, -99, -99, -99, -99, -99, -99, 0, 
2061, 2, eco1, 0, 7.34, 3.17, 15.99, 18.26, 1.17, -99, 11.45, -99, -99, -99, -99, -99, -99, -99, 0, 
2061, 3, eco1, 0, 8.17, 7.46, 21.12, 16.09, 1.03, -99, 11.09, -99, -99, -99, -99, -99, -99, -99, 0, 
2061, 4, eco1, 0, 7.05, 11.4, 26, 33.6, 1.09, -99, 9.63, -99, -99, -99, -99, -99, -99, -99, 0, 
2061, 5, eco1, 0, 11.28, 17.99, 30.17, 27.74, 0.94, -99, 5.73, -99, -99, -99, -99, -99, -99, -99, 0, 
2061, 6, eco1, 0, 6.65, 19.67, 32.39, 16.25, 0.86, -99, 6.64, -99, -99, -99, -99, -99, -99, -99, 0, 
2061, 7, eco1, 0, 10.78, 21.99, 34.32, 103.46, 0.88, -99, 6.66, -99, -99, -99, -99, -99, -99, -99, 0, 
2061, 8, eco1, 0, 13.78, 18.95, 31.44, 90.5, 1.08, -99, 5.67, -99, -99, -99, -99, -99, -99, -99, 0, 
2061, 9, eco1, 0, 12.37, 15.06, 28.48, 53.48, 1.15, -99, 8.97, -99, -99, -99, -99, -99, -99, -99, 0, 
2061, 10, eco1, 0, 7.55, 9.88, 24.04, 28.16, 1.11, -99, 11.62, -99, -99, -99, -99, -99, -99, -99, 0, 
2061, 11, eco1, 0, 4.97, 4.21, 19.91, 9.93, 0.99, -99, 10.31, -99, -99, -99, -99, -99, -99, -99, 0, 
2061, 12, eco1, 0, 7.4, -0.3, 13.51, 11.97, 1.04, -99, 11.3, -99, -99, -99, -99, -99, -99, -99, 0, 
2060, 1, eco1, 0, 10.45, 8.29, 18.47, 12.69, 1.07, -99, 14.02, -99, -99, -99, -99, -99, -99, -99, 0, 
2060, 2, eco1, 0, 7.27, 1.33, 13.69, 7.08, 1.11, -99, 10.06, -99, -99, -99, -99, -99, -99, -99, 0, 
2060, 3, eco1, 0, 11.52, 8.93, 20.99, 24.07, 1.04, -99, 9.88, -99, -99, -99, -99, -99, -99, -99, 0, 
2060, 4, eco1, 0, 13.27, 12.13, 25.6, 51.44, 0.96, -99, 8.58, -99, -99, -99, -99, -99, -99, -99, 0, 
2060, 5, eco1, 0, 8.75, 17.81, 30.55, 24.09, 1.07, -99, 8.23, -99, -99, -99, -99, -99, -99, -99, 0, 
2060, 6, eco1, 0, 12.46, 21.02, 32.81, 39.39, 0.88, -99, 6.84, -99, -99, -99, -99, -99, -99, -99, 0, 
2060, 7, eco1, 0, 12.7, 20.52, 31.68, 79.02, 0.83, -99, 7.9, -99, -99, -99, -99, -99, -99, -99, 0, 
2060, 8, eco1, 0, 18.34, 21.37, 33.53, 125.54, 0.87, -99, 9.44, -99, -99, -99, -99, -99, -99, -99, 0, 
2060, 9, eco1, 0, 3.97, 12.84, 28.05, 11.29, 1.01, -99, 8.79, -99, -99, -99, -99, -99, -99, -99, 0, 
2060, 10, eco1, 0, 8.97, 8.5, 23.08, 4.97, 0.97, -99, 11.12, -99, -99, -99, -99, -99, -99, -99, 0, 
2060, 11, eco1, 0, 16.75, 3.14, 14.98, 32.27, 1.21, -99, 14.22, -99, -99, -99, -99, -99, -99, -99, 0, 
2060, 12, eco1, 0, 18.64, 2.01, 15.48, 51.12, 1.07, -99, 12.04, -99, -99, -99, -99, -99, -99, -99, 0, 
2059, 1, eco1, 0, 12.57, 1.96, 13.39, 18.33, 0.9, -99, 13.17, -99, -99, -99, -99, -99, -99, -99, 0, 
2059, 2, eco1, 0, 9.92, 1.04, 13.48, 32.6, 1.05, -99, 11.72, -99, -99, -99, -99, -99, -99, -99, 0, 
2059, 3, eco1, 0, 11.4, 7.48, 20.92, 39.72, 0.98, -99, 9.25, -99, -99, -99, -99, -99, -99, -99, 0, 
2059, 4, eco1, 0, 7.86, 10.21, 24.57, 9.19, 1.12, -99, 8.38, -99, -99, -99, -99, -99, -99, -99, 0, 
2059, 5, eco1, 0, 2.98, 19.19, 33.17, 23.07, 0.97, -99, 7.68, -99, -99, -99, -99, -99, -99, -99, 0, 
2059, 6, eco1, 0, 8.97, 21.32, 33.65, 34.95, 0.89, -99, 6.54, -99, -99, -99, -99, -99, -99, -99, 0, 
2059, 7, eco1, 0, 22.36, 20.34, 31.68, 383.19, 0.9, -99, 7.9, -99, -99, -99, -99, -99, -99, -99, 0, 
2059, 8, eco1, 0, 11.67, 18.78, 30.63, 55.69, 1.01, -99, 10.01, -99, -99, -99, -99, -99, -99, -99, 0, 
2059, 9, eco1, 0, 11.68, 16.41, 28.75, 68.22, 1.01, -99, 9.65, -99, -99, -99, -99, -99, -99, -99, 0, 
2059, 10, eco1, 0, 8.51, 9.78, 24.31, 12.25, 0.93, -99, 11.05, -99, -99, -99, -99, -99, -99, -99, 0, 
2059, 11, eco1, 0, 12.95, 2.98, 15.68, 27.94, 0.99, -99, 11.62, -99, -99, -99, -99, -99, -99, -99, 0, 
2059, 12, eco1, 0, 12.25, 3.34, 16.1, 6.95, 1.12, -99, 13.93, -99, -99, -99, -99, -99, -99, -99, 0, 
2058, 1, eco1, 0, 12.09, 4.08, 16.46, 49.36, 1.19, -99, 12.84, -99, -99, -99, -99, -99, -99, -99, 0, 
2058, 2, eco1, 0, 7.65, 1.13, 12.14, 19.35, 1.09, -99, 11.41, -99, -99, -99, -99, -99, -99, -99, 0, 
2058, 3, eco1, 0, 5.48, 5.63, 20.68, 23.43, 1.12, -99, 10.64, -99, -99, -99, -99, -99, -99, -99, 0, 
2058, 4, eco1, 0, 10.22, 14.77, 28.84, 17.55, 0.9, -99, 6.39, -99, -99, -99, -99, -99, -99, -99, 0, 
2058, 5, eco1, 0, 15.65, 17.92, 30.76, 80.8, 0.98, -99, 8.8, -99, -99, -99, -99, -99, -99, -99, 0, 
2058, 6, eco1, 0, 9.62, 21.09, 34.13, 93.68, 0.96, -99, 7.44, -99, -99, -99, -99, -99, -99, -99, 0, 
2058, 7, eco1, 0, 8.97, 21.91, 34.6, 24.93, 0.91, -99, 7.98, -99, -99, -99, -99, -99, -99, -99, 0, 
2058, 8, eco1, 0, 9.22, 19.73, 33.2, 19.28, 0.96, -99, 8.2, -99, -99, -99, -99, -99, -99, -99, 0, 
2058, 9, eco1, 0, 5.52, 13.76, 28.67, 7.41, 1, -99, 8.55, -99, -99, -99, -99, -99, -99, -99, 0, 
2058, 10, eco1, 0, 6.19, 10.22, 24.71, 52.49, 0.93, -99, 10.24, -99, -99, -99, -99, -99, -99, -99, 0, 
2058, 11, eco1, 0, 9.15, 3.19, 18.01, 14.32, 1.04, -99, 10.65, -99, -99, -99, -99, -99, -99, -99, 0, 
2058, 12, eco1, 0, 5.83, -2.01, 10.79, 7.45, 1.02, -99, 14.19, -99, -99, -99, -99, -99, -99, -99, 0, 
2057, 1, eco1, 0, 4.38, -1.6, 11.32, 3.68, 1.13, -99, 13.69, -99, -99, -99, -99, -99, -99, -99, 0, 
2057, 2, eco1, 0, 3.44, -0.3, 13.28, 1.83, 1.11, -99, 9.83, -99, -99, -99, -99, -99, -99, -99, 0, 
2057, 3, eco1, 0, 6.7, 6.13, 20.08, 11.58, 1.12, -99, 9.59, -99, -99, -99, -99, -99, -99, -99, 0, 
2057, 4, eco1, 0, 12.74, 12.73, 25.88, 27.27, 1.08, -99, 8.78, -99, -99, -99, -99, -99, -99, -99, 0, 
2057, 5, eco1, 0, 5.17, 16.88, 31.52, 32.71, 1.06, -99, 7.08, -99, -99, -99, -99, -99, -99, -99, 0, 
2057, 6, eco1, 0, 8.09, 22.45, 35.46, 17.77, 1.02, -99, 8.2, -99, -99, -99, -99, -99, -99, -99, 0, 
2057, 7, eco1, 0, 9.73, 21.41, 34.11, 59.4, 1.19, -99, 6.78, -99, -99, -99, -99, -99, -99, -99, 0, 
2057, 8, eco1, 0, 3.9, 19, 31.56, 10.04, 0.99, -99, 8.81, -99, -99, -99, -99, -99, -99, -99, 0, 
2057, 9, eco1, 0, 12.98, 13.94, 27.72, 29.48, 1.13, -99, 8.97, -99, -99, -99, -99, -99, -99, -99, 0, 
2057, 10, eco1, 0, 3.75, 10.09, 26.14, 4.54, 0.95, -99, 9.65, -99, -99, -99, -99, -99, -99, -99, 0, 
2057, 11, eco1, 0, 13.61, 5.12, 18.83, 9.35, 1.02, -99, 11.61, -99, -99, -99, -99, -99, -99, -99, 0, 
2057, 12, eco1, 0, 7.68, 3.3, 16.82, 5.22, 1.17, -99, 12.66, -99, -99, -99, -99, -99, -99, -99, 0, 
2056, 1, eco1, 0, 10.15, 4.16, 16.99, 33.61, 1.17, -99, 12.48, -99, -99, -99, -99, -99, -99, -99, 0, 
2056, 2, eco1, 0, 5.44, 5.76, 18.85, 6.6, 1.08, -99, 13.75, -99, -99, -99, -99, -99, -99, -99, 0, 
2056, 3, eco1, 0, 7.47, 5.68, 19.67, 8.72, 1.04, -99, 11.63, -99, -99, -99, -99, -99, -99, -99, 0, 
2056, 4, eco1, 0, 8.3, 9.47, 22.66, 24.38, 0.95, -99, 8.11, -99, -99, -99, -99, -99, -99, -99, 0, 
2056, 5, eco1, 0, 10.27, 17.47, 28.4, 29.61, 0.86, -99, 5.95, -99, -99, -99, -99, -99, -99, -99, 0, 
2056, 6, eco1, 0, 13.58, 18.99, 29.75, 1289.26, 0.89, -99, 5.49, -99, -99, -99, -99, -99, -99, -99, 0, 
2056, 7, eco1, 0, 24.22, 20.54, 31.8, 250.65, 0.99, -99, 5.27, -99, -99, -99, -99, -99, -99, -99, 0, 
2056, 8, eco1, 0, 6.06, 19.57, 32.7, 51.59, 0.95, -99, 7.11, -99, -99, -99, -99, -99, -99, -99, 0, 
2056, 9, eco1, 0, 15.76, 12.23, 26.3, 23.07, 1.06, -99, 9.78, -99, -99, -99, -99, -99, -99, -99, 0, 
2056, 10, eco1, 0, 11.7, 7.36, 22.5, 46.35, 0.98, -99, 10.73, -99, -99, -99, -99, -99, -99, -99, 0, 
2056, 11, eco1, 0, 4.25, 6.82, 22.59, 6.3, 0.94, -99, 10.15, -99, -99, -99, -99, -99, -99, -99, 0, 
2056, 12, eco1, 0, 7.67, -0.66, 11.62, 5.34, 1.13, -99, 11.65, -99, -99, -99, -99, -99, -99, -99, 0, 
2055, 1, eco1, 0, 5.8, 1.48, 13.61, 5.39, 1.16, -99, 9.65, -99, -99, -99, -99, -99, -99, -99, 0, 
2055, 2, eco1, 0, 10.8, 2.62, 14.08, 24.5, 1.05, -99, 13.22, -99, -99, -99, -99, -99, -99, -99, 0, 
2055, 3, eco1, 0, 10.73, 4.18, 18.08, 68.89, 1.04, -99, 11.21, -99, -99, -99, -99, -99, -99, -99, 0, 
2055, 4, eco1, 0, 15.13, 7.85, 21.7, 40.96, 1.16, -99, 9.25, -99, -99, -99, -99, -99, -99, -99, 0, 
2055, 5, eco1, 0, 5.51, 17.75, 31.12, 34.46, 1.11, -99, 6.54, -99, -99, -99, -99, -99, -99, -99, 0, 
2055, 6, eco1, 0, 9.08, 19.91, 30.66, 28.19, 0.87, -99, 7.87, -99, -99, -99, -99, -99, -99, -99, 0, 
2055, 7, eco1, 0, 33.99, 21.53, 31.75, 166.02, 0.91, -99, 8.57, -99, -99, -99, -99, -99, -99, -99, 0, 
2055, 8, eco1, 0, 21.48, 19.1, 29.62, 130.27, 0.95, -99, 7.34, -99, -99, -99, -99, -99, -99, -99, 0, 
2055, 9, eco1, 0, 13.37, 14.15, 27.19, 58.93, 0.88, -99, 8.85, -99, -99, -99, -99, -99, -99, -99, 0, 
2055, 10, eco1, 0, 8.27, 8.93, 24.37, 32.42, 1, -99, 11.32, -99, -99, -99, -99, -99, -99, -99, 0, 
2055, 11, eco1, 0, 8.84, 2.05, 14.86, 9, 1.04, -99, 12.75, -99, -99, -99, -99, -99, -99, -99, 0, 
2055, 12, eco1, 0, 15.91, 1.47, 14.36, 46.69, 1.1, -99, 13.38, -99, -99, -99, -99, -99, -99, -99, 0, 
2054, 1, eco1, 0, 6.7, -4.96, 6.22, 16.05, 0.99, -99, 11.58, -99, -99, -99, -99, -99, -99, -99, 0, 
2054, 2, eco1, 0, 12.72, 3, 15, 15.08, 1.05, -99, 12.48, -99, -99, -99, -99, -99, -99, -99, 0, 
2054, 3, eco1, 0, 4.86, 6.93, 20.69, 18.9, 1.13, -99, 11.5, -99, -99, -99, -99, -99, -99, -99, 0, 
2054, 4, eco1, 0, 14.59, 12.31, 24.98, 41.56, 1.13, -99, 8.86, -99, -99, -99, -99, -99, -99, -99, 0, 
2054, 5, eco1, 0, 4.77, 18.79, 33.18, 27.59, 1, -99, 6.22, -99, -99, -99, -99, -99, -99, -99, 0, 
2054, 6, eco1, 0, 4.9, 20.81, 34.82, 11.74, 0.9, -99, 5.57, -99, -99, -99, -99, -99, -99, -99, 0, 
2054, 7, eco1, 0, 4.51, 21.04, 33.67, 20.57, 0.87, -99, 6.78, -99, -99, -99, -99, -99, -99, -99, 0, 
2054, 8, eco1, 0, 10, 17.95, 29.75, 26.9, 0.97, -99, 6.84, -99, -99, -99, -99, -99, -99, -99, 0, 
2054, 9, eco1, 0, 8.75, 15.07, 28.61, 22.82, 0.96, -99, 7.57, -99, -99, -99, -99, -99, -99, -99, 0, 
2054, 10, eco1, 0, 16.37, 9.98, 23.61, 340.07, 1.03, -99, 11.7, -99, -99, -99, -99, -99, -99, -99, 0, 
2054, 11, eco1, 0, 8.56, 3.58, 17.2, 40.25, 0.93, -99, 12.58, -99, -99, -99, -99, -99, -99, -99, 0, 
2054, 12, eco1, 0, 10.58, 2.16, 15.76, 10.93, 1.26, -99, 10.45, -99, -99, -99, -99, -99, -99, -99, 0, 
2053, 1, eco1, 0, 5.57, 4.07, 16.47, 7.67, 1.05, -99, 12.64, -99, -99, -99, -99, -99, -99, -99, 0, 
2053, 2, eco1, 0, 11.59, 5.89, 17.95, 48.46, 1.19, -99, 9.46, -99, -99, -99, -99, -99, -99, -99, 0, 
2053, 3, eco1, 0, 3.25, 2.23, 17.18, 14.88, 1.19, -99, 11.61, -99, -99, -99, -99, -99, -99, -99, 0, 
2053, 4, eco1, 0, 6.05, 9.43, 22.85, 70.17, 1.21, -99, 8.87, -99, -99, -99, -99, -99, -99, -99, 0, 
2053, 5, eco1, 0, 6.31, 17.84, 28.79, 43.8, 1.06, -99, 5.98, -99, -99, -99, -99, -99, -99, -99, 0, 
2053, 6, eco1, 0, 15.87, 21.32, 31.04, 71.82, 0.88, -99, 5.63, -99, -99, -99, -99, -99, -99, -99, 0, 
2053, 7, eco1, 0, 14.01, 20.7, 31.33, 88.59, 0.84, -99, 6.75, -99, -99, -99, -99, -99, -99, -99, 0, 
2053, 8, eco1, 0, 9.61, 17.89, 31.46, 26.4, 0.98, -99, 7.29, -99, -99, -99, -99, -99, -99, -99, 0, 
2053, 9, eco1, 0, 8.96, 15.02, 27.49, 54.67, 1.07, -99, 11.02, -99, -99, -99, -99, -99, -99, -99, 0, 
2053, 10, eco1, 0, 8.73, 4.91, 18.59, 35.84, 1, -99, 12.2, -99, -99, -99, -99, -99, -99, -99, 0, 
2053, 11, eco1, 0, 6.83, 1.82, 15.7, 8.72, 1.06, -99, 10.41, -99, -99, -99, -99, -99, -99, -99, 0, 
2053, 12, eco1, 0, 6.81, -1.07, 14.11, 18.59, 1.07, -99, 12.14, -99, -99, -99, -99, -99, -99, -99, 0, 
2052, 1, eco1, 0, 11.33, 1.71, 13.75, 10.19, 1.16, -99, 11.99, -99, -99, -99, -99, -99, -99, -99, 0, 
2052, 2, eco1, 0, 3.61, 1, 14.29, 2.4, 1, -99, 11.63, -99, -99, -99, -99, -99, -99, -99, 0, 
2052, 3, eco1, 0, 5.2, 5.46, 20.66, 9.67, 1.13, -99, 10.58, -99, -99, -99, -99, -99, -99, -99, 0, 
2052, 4, eco1, 0, 3.27, 9.66, 24.16, 4.53, 1.06, -99, 8.59, -99, -99, -99, -99, -99, -99, -99, 0, 
2052, 5, eco1, 0, 11.63, 17.85, 29.85, 119.72, 1.02, -99, 8.81, -99, -99, -99, -99, -99, -99, -99, 0, 
2052, 6, eco1, 0, 7.54, 20.2, 34.25, 31.17, 1.01, -99, 6.92, -99, -99, -99, -99, -99, -99, -99, 0, 
2052, 7, eco1, 0, 11.64, 21.63, 34.58, 120.45, 1.02, -99, 7.03, -99, -99, -99, -99, -99, -99, -99, 0, 
2052, 8, eco1, 0, 3.06, 19.36, 32.47, 10.65, 0.99, -99, 7.49, -99, -99, -99, -99, -99, -99, -99, 0, 
2052, 9, eco1, 0, 8.96, 15.23, 28.76, 23.12, 1.03, -99, 7.98, -99, -99, -99, -99, -99, -99, -99, 0, 
2052, 10, eco1, 0, 7.51, 11.63, 25.62, 30.33, 0.96, -99, 10.33, -99, -99, -99, -99, -99, -99, -99, 0, 
2052, 11, eco1, 0, 13.31, 7.7, 21.2, 8.47, 1.1, -99, 11.12, -99, -99, -99, -99, -99, -99, -99, 0, 
2052, 12, eco1, 0, 6.78, 1.86, 14.09, 9.45, 0.91, -99, 13, -99, -99, -99, -99, -99, -99, -99, 0, 
2051, 1, eco1, 0, 7.54, 1.18, 12.85, 10.11, 1.14, -99, 12.96, -99, -99, -99, -99, -99, -99, -99, 0, 
2051, 2, eco1, 0, 11.58, 0.1, 12.34, 13.34, 1.09, -99, 10.86, -99, -99, -99, -99, -99, -99, -99, 0, 
2051, 3, eco1, 0, 20.59, 2.78, 15.23, 363.3, 1.09, -99, 11.35, -99, -99, -99, -99, -99, -99, -99, 0, 
2051, 4, eco1, 0, 21.86, 12.79, 24.6, 107.28, 0.95, -99, 7.92, -99, -99, -99, -99, -99, -99, -99, 0, 
2051, 5, eco1, 0, 7.83, 17.87, 28.94, 15.41, 0.94, -99, 7.74, -99, -99, -99, -99, -99, -99, -99, 0, 
2051, 6, eco1, 0, 22.45, 20.78, 29.91, 66.75, 0.86, -99, 5.55, -99, -99, -99, -99, -99, -99, -99, 0, 
2051, 7, eco1, 0, 12.39, 21.11, 32.95, 23.81, 0.84, -99, 7, -99, -99, -99, -99, -99, -99, -99, 0, 
2051, 8, eco1, 0, 10.3, 17.58, 31.47, 80.97, 0.98, -99, 6.81, -99, -99, -99, -99, -99, -99, -99, 0, 
2051, 9, eco1, 0, 7.27, 13.43, 26.84, 34.62, 1.03, -99, 8.92, -99, -99, -99, -99, -99, -99, -99, 0, 
2051, 10, eco1, 0, 4.12, 8.59, 23.29, 5.89, 0.91, -99, 11.07, -99, -99, -99, -99, -99, -99, -99, 0, 
2051, 11, eco1, 0, 18.12, 4.86, 18.55, 33.4, 1.03, -99, 13.49, -99, -99, -99, -99, -99, -99, -99, 0, 
2051, 12, eco1, 0, 11.96, 2.75, 14.29, 15, 1.05, -99, 13.43, -99, -99, -99, -99, -99, -99, -99, 0, 
2050, 1, eco1, 0, 9.92, 2.76, 14.78, 9.49, 1.08, -99, 13.34, -99, -99, -99, -99, -99, -99, -99, 0, 
2050, 2, eco1, 0, 11.28, 3.63, 15.13, 35.23, 1.04, -99, 9.11, -99, -99, -99, -99, -99, -99, -99, 0, 
2050, 3, eco1, 0, 19.32, 5.42, 17.64, 86.2, 0.98, -99, 11.69, -99, -99, -99, -99, -99, -99, -99, 0, 
2050, 4, eco1, 0, 13.4, 6.59, 19.87, 257.12, 1, -99, 9.66, -99, -99, -99, -99, -99, -99, -99, 0, 
2050, 5, eco1, 0, 13.92, 16.18, 25.63, 125.26, 0.94, -99, 7.34, -99, -99, -99, -99, -99, -99, -99, 0, 
2050, 6, eco1, 0, 22.65, 20.37, 30.9, 178.15, 0.94, -99, 5.51, -99, -99, -99, -99, -99, -99, -99, 0, 
2050, 7, eco1, 0, 9.81, 21.34, 33.92, 24.55, 0.88, -99, 7.55, -99, -99, -99, -99, -99, -99, -99, 0, 
2050, 8, eco1, 0, 13.57, 18.18, 30.88, 48.57, 1.06, -99, 7.19, -99, -99, -99, -99, -99, -99, -99, 0, 
2050, 9, eco1, 0, 7.39, 13.74, 26.88, 22.98, 1.06, -99, 8.6, -99, -99, -99, -99, -99, -99, -99, 0, 
2050, 10, eco1, 0, 7.32, 8.86, 23.77, 27.38, 0.98, -99, 10.35, -99, -99, -99, -99, -99, -99, -99, 0, 
2050, 11, eco1, 0, 15.48, 3.7, 17.01, 16.68, 1.12, -99, 10.42, -99, -99, -99, -99, -99, -99, -99, 0, 
2050, 12, eco1, 0, 11.57, 1.06, 13.81, 50.56, 1.06, -99, 12.45, -99, -99, -99, -99, -99, -99, -99, 0, 
2049, 1, eco1, 0, 8.3, 3.75, 15.5, 16.56, 1.04, -99, 13.95, -99, -99, -99, -99, -99, -99, -99, 0, 
2049, 2, eco1, 0, 8.7, 2.11, 14.93, 8.89, 1.02, -99, 11.32, -99, -99, -99, -99, -99, -99, -99, 0, 
2049, 3, eco1, 0, 2.05, 8.77, 22.57, 3.88, 1.03, -99, 10.69, -99, -99, -99, -99, -99, -99, -99, 0, 
2049, 4, eco1, 0, 8.76, 10.47, 24.35, 36.03, 1.08, -99, 7.51, -99, -99, -99, -99, -99, -99, -99, 0, 
2049, 5, eco1, 0, 9.62, 13.74, 25.7, 26.98, 1.08, -99, 7.56, -99, -99, -99, -99, -99, -99, -99, 0, 
2049, 6, eco1, 0, 33.19, 20, 30.98, 310.02, 0.89, -99, 6.99, -99, -99, -99, -99, -99, -99, -99, 0, 
2049, 7, eco1, 0, 11.74, 20.46, 31.56, 76.87, 0.84, -99, 6.89, -99, -99, -99, -99, -99, -99, -99, 0, 
2049, 8, eco1, 0, 12.63, 18.84, 30.36, 48.81, 0.94, -99, 7.05, -99, -99, -99, -99, -99, -99, -99, 0, 
2049, 9, eco1, 0, 11.41, 13.97, 27.19, 73.83, 0.92, -99, 8.29, -99, -99, -99, -99, -99, -99, -99, 0, 
2049, 10, eco1, 0, 7.31, 8.35, 24.03, 19.66, 0.97, -99, 10.48, -99, -99, -99, -99, -99, -99, -99, 0, 
2049, 11, eco1, 0, 15.23, 1.78, 14.13, 54.97, 1.08, -99, 11.88, -99, -99, -99, -99, -99, -99, -99, 0, 
2049, 12, eco1, 0, 13.24, 2.56, 14.95, 10.7, 1.09, -99, 12.28, -99, -99, -99, -99, -99, -99, -99, 0, 
2048, 1, eco1, 0, 6.21, -2.58, 9.28, 11.66, 1.01, -99, 12.48, -99, -99, -99, -99, -99, -99, -99, 0, 
2048, 2, eco1, 0, 10.53, -0.9, 11.23, 12.35, 1.17, -99, 10.49, -99, -99, -99, -99, -99, -99, -99, 0, 
2048, 3, eco1, 0, 16.25, 5.99, 18.46, 31.14, 1.15, -99, 11.13, -99, -99, -99, -99, -99, -99, -99, 0, 
2048, 4, eco1, 0, 7.48, 10.35, 24.69, 12.96, 1.09, -99, 8.58, -99, -99, -99, -99, -99, -99, -99, 0, 
2048, 5, eco1, 0, 10.77, 18.65, 31.29, 235.6, 1.01, -99, 8.27, -99, -99, -99, -99, -99, -99, -99, 0, 
2048, 6, eco1, 0, 12.03, 21.41, 33.33, 36.53, 0.95, -99, 7.03, -99, -99, -99, -99, -99, -99, -99, 0, 
2048, 7, eco1, 0, 10.32, 21.52, 33.97, 30.48, 0.97, -99, 5.97, -99, -99, -99, -99, -99, -99, -99, 0, 
2048, 8, eco1, 0, 7.62, 18.36, 31.43, 13.35, 1.16, -99, 7.18, -99, -99, -99, -99, -99, -99, -99, 0, 
2048, 9, eco1, 0, 12.23, 12.8, 26.55, 91.82, 1.23, -99, 11.19, -99, -99, -99, -99, -99, -99, -99, 0, 
2048, 10, eco1, 0, 4.18, 11.01, 27.14, 36.16, 1.07, -99, 11.27, -99, -99, -99, -99, -99, -99, -99, 0, 
2048, 11, eco1, 0, 9.52, 7.84, 21.56, 31.71, 1.19, -99, 12, -99, -99, -99, -99, -99, -99, -99, 0, 
2048, 12, eco1, 0, 4.84, 3.27, 16.4, 5.2, 1.13, -99, 14.79, -99, -99, -99, -99, -99, -99, -99, 0, 
2047, 1, eco1, 0, 12.15, 1.07, 13.29, 15.58, 1.13, -99, 14.2, -99, -99, -99, -99, -99, -99, -99, 0, 
2047, 2, eco1, 0, 6.58, 2.33, 16.35, 6.5, 1.12, -99, 10.67, -99, -99, -99, -99, -99, -99, -99, 0, 
2047, 3, eco1, 0, 4, 4.93, 20.84, 9.07, 1.25, -99, 10.92, -99, -99, -99, -99, -99, -99, -99, 0, 
2047, 4, eco1, 0, 2.89, 10.97, 26.63, 10.16, 0.99, -99, 8.41, -99, -99, -99, -99, -99, -99, -99, 0, 
2047, 5, eco1, 0, 2.69, 18.24, 32.55, 5.49, 1.01, -99, 8.2, -99, -99, -99, -99, -99, -99, -99, 0, 
2047, 6, eco1, 0, 4.53, 19.47, 31.98, 9.55, 0.85, -99, 5.01, -99, -99, -99, -99, -99, -99, -99, 0, 
2047, 7, eco1, 0, 14.79, 20.77, 31.26, 49.36, 0.91, -99, 6.96, -99, -99, -99, -99, -99, -99, -99, 0, 
2047, 8, eco1, 0, 14.45, 18.25, 29.29, 39.7, 0.83, -99, 8.58, -99, -99, -99, -99, -99, -99, -99, 0, 
2047, 9, eco1, 0, 10.22, 13.57, 26.46, 32.32, 0.93, -99, 9.84, -99, -99, -99, -99, -99, -99, -99, 0, 
2047, 10, eco1, 0, 9.05, 8.94, 22.46, 8.38, 0.99, -99, 10.07, -99, -99, -99, -99, -99, -99, -99, 0, 
2047, 11, eco1, 0, 13.77, 6.58, 20.57, 57.27, 1.04, -99, 9.64, -99, -99, -99, -99, -99, -99, -99, 0, 
2047, 12, eco1, 0, 4.64, -0.87, 11.15, 5.92, 1.13, -99, 13.23, -99, -99, -99, -99, -99, -99, -99, 0, 
2046, 1, eco1, 0, 5.71, -0.23, 11.3, 2.86, 1.01, -99, 14.26, -99, -99, -99, -99, -99, -99, -99, 0, 
2046, 2, eco1, 0, 7.24, 3.76, 16.32, 12.21, 1.05, -99, 13.16, -99, -99, -99, -99, -99, -99, -99, 0, 
2046, 3, eco1, 0, 10.79, 5.25, 18.28, 25.17, 1.04, -99, 9.7, -99, -99, -99, -99, -99, -99, -99, 0, 
2046, 4, eco1, 0, 10.7, 10.37, 23.95, 81.82, 0.9, -99, 8.86, -99, -99, -99, -99, -99, -99, -99, 0, 
2046, 5, eco1, 0, 27.82, 14.96, 27.42, 1302.75, 0.97, -99, 10.49, -99, -99, -99, -99, -99, -99, -99, 0, 
2046, 6, eco1, 0, 9.29, 21.68, 34.17, 43.82, 0.86, -99, 7.13, -99, -99, -99, -99, -99, -99, -99, 0, 
2046, 7, eco1, 0, 13.35, 22.14, 34.12, 217.54, 0.91, -99, 7.06, -99, -99, -99, -99, -99, -99, -99, 0, 
2046, 8, eco1, 0, 10.39, 19.39, 31.61, 35.73, 0.93, -99, 8.33, -99, -99, -99, -99, -99, -99, -99, 0, 
2046, 9, eco1, 0, 15.38, 13.7, 26.78, 83.59, 0.95, -99, 9.43, -99, -99, -99, -99, -99, -99, -99, 0, 
2046, 10, eco1, 0, 17.55, 12.07, 24.57, 71.72, 1.01, -99, 11.68, -99, -99, -99, -99, -99, -99, -99, 0, 
2046, 11, eco1, 0, 18.52, 5.14, 19.73, 130.67, 0.99, -99, 11.41, -99, -99, -99, -99, -99, -99, -99, 0, 
2046, 12, eco1, 0, 3.56, -2.68, 11.1, 21.3, 1, -99, 11.76, -99, -99, -99, -99, -99, -99, -99, 0, 
2045, 1, eco1, 0, 13.07, 3.59, 16.22, 79.25, 1.06, -99, 15.47, -99, -99, -99, -99, -99, -99, -99, 0, 
2045, 2, eco1, 0, 7.52, 4.24, 15.92, 12.52, 1.14, -99, 12.19, -99, -99, -99, -99, -99, -99, -99, 0, 
2045, 3, eco1, 0, 8.35, 1.9, 16.15, 26, 1.08, -99, 12.43, -99, -99, -99, -99, -99, -99, -99, 0, 
2045, 4, eco1, 0, 12.89, 11.02, 24.84, 33.28, 1.01, -99, 8.37, -99, -99, -99, -99, -99, -99, -99, 0, 
2045, 5, eco1, 0, 1.88, 18.16, 31.86, 4.16, 1.01, -99, 7.57, -99, -99, -99, -99, -99, -99, -99, 0, 
2045, 6, eco1, 0, 11.9, 19.48, 31.53, 57.81, 1.07, -99, 5.46, -99, -99, -99, -99, -99, -99, -99, 0, 
2045, 7, eco1, 0, 7.91, 21.18, 34.13, 44.96, 0.99, -99, 7.39, -99, -99, -99, -99, -99, -99, -99, 0, 
2045, 8, eco1, 0, 9.03, 18.21, 31.6, 37.69, 0.95, -99, 6.65, -99, -99, -99, -99, -99, -99, -99, 0, 
2045, 9, eco1, 0, 9.64, 14.87, 27.65, 12.41, 1.14, -99, 9.76, -99, -99, -99, -99, -99, -99, -99, 0, 
2045, 10, eco1, 0, 6.47, 13.28, 27.39, 31.51, 1.06, -99, 12.86, -99, -99, -99, -99, -99, -99, -99, 0, 
2045, 11, eco1, 0, 10.47, 5.1, 18.65, 34.56, 1.11, -99, 11.19, -99, -99, -99, -99, -99, -99, -99, 0, 
2045, 12, eco1, 0, 9.64, 2.31, 16.5, 10.06, 1.15, -99, 10.15, -99, -99, -99, -99, -99, -99, -99, 0, 
2044, 1, eco1, 0, 7.96, 3.18, 15.45, 12.6, 1.06, -99, 13.05, -99, -99, -99, -99, -99, -99, -99, 0, 
2044, 2, eco1, 0, 14.47, 2.13, 13.62, 31.11, 1.03, -99, 13.32, -99, -99, -99, -99, -99, -99, -99, 0, 
2044, 3, eco1, 0, 9.05, 7.68, 20.69, 17.75, 1.07, -99, 8.68, -99, -99, -99, -99, -99, -99, -99, 0, 
2044, 4, eco1, 0, 7.59, 9.3, 25.32, 13.5, 1.01, -99, 8.64, -99, -99, -99, -99, -99, -99, -99, 0, 
2044, 5, eco1, 0, 2.82, 17.94, 32.46, 10.03, 1, -99, 8.18, -99, -99, -99, -99, -99, -99, -99, 0, 
2044, 6, eco1, 0, 7.57, 20.88, 33.24, 20.03, 1.01, -99, 7.61, -99, -99, -99, -99, -99, -99, -99, 0, 
2044, 7, eco1, 0, 5.55, 21.06, 34.39, 28.29, 0.97, -99, 7.08, -99, -99, -99, -99, -99, -99, -99, 0, 
2044, 8, eco1, 0, 18.26, 18.74, 30.82, 92.69, 1.05, -99, 7.52, -99, -99, -99, -99, -99, -99, -99, 0, 
2044, 9, eco1, 0, 10.57, 13.53, 27.15, 29.5, 0.99, -99, 7.54, -99, -99, -99, -99, -99, -99, -99, 0, 
2044, 10, eco1, 0, 7.28, 6.1, 20.89, 23.13, 1, -99, 11.11, -99, -99, -99, -99, -99, -99, -99, 0, 
2044, 11, eco1, 0, 14.11, 6.86, 20.63, 46.43, 0.98, -99, 9.46, -99, -99, -99, -99, -99, -99, -99, 0, 
2044, 12, eco1, 0, 13.35, 0.03, 11.9, 49.2, 1.07, -99, 15.52, -99, -99, -99, -99, -99, -99, -99, 0, 
2043, 1, eco1, 0, 13.05, 0.99, 12.32, 11.01, 1.19, -99, 12.29, -99, -99, -99, -99, -99, -99, -99, 0, 
2043, 2, eco1, 0, 7.96, 1.69, 14.58, 13.56, 1.07, -99, 10.63, -99, -99, -99, -99, -99, -99, -99, 0, 
2043, 3, eco1, 0, 8.06, 3.54, 17.76, 16.65, 1.09, -99, 10.44, -99, -99, -99, -99, -99, -99, -99, 0, 
2043, 4, eco1, 0, 17.85, 11.02, 24.67, 134.52, 0.96, -99, 8.29, -99, -99, -99, -99, -99, -99, -99, 0, 
2043, 5, eco1, 0, 1.11, 14.51, 28.61, 4.32, 1.06, -99, 7.31, -99, -99, -99, -99, -99, -99, -99, 0, 
2043, 6, eco1, 0, 8.97, 21.08, 32.58, 45.13, 0.94, -99, 5.86, -99, -99, -99, -99, -99, -99, -99, 0, 
2043, 7, eco1, 0, 6.86, 21.43, 33.72, 18.54, 0.93, -99, 6.98, -99, -99, -99, -99, -99, -99, -99, 0, 
2043, 8, eco1, 0, 21.25, 16.81, 26.47, 514.43, 1.01, -99, 8.31, -99, -99, -99, -99, -99, -99, -99, 0, 
2043, 9, eco1, 0, 8.91, 16.83, 29.14, 31.72, 1, -99, 9.15, -99, -99, -99, -99, -99, -99, -99, 0, 
2043, 10, eco1, 0, 16, 10.16, 23.9, 189.55, 1.05, -99, 12.12, -99, -99, -99, -99, -99, -99, -99, 0, 
2043, 11, eco1, 0, 20.78, 5.74, 18.24, 73.8, 1.03, -99, 13.1, -99, -99, -99, -99, -99, -99, -99, 0, 
2043, 12, eco1, 0, 5.58, 1.47, 15.15, 3.67, 1.1, -99, 12, -99, -99, -99, -99, -99, -99, -99, 0, 
2042, 1, eco1, 0, 9.44, -0.86, 10.55, 24.26, 1.14, -99, 11.6, -99, -99, -99, -99, -99, -99, -99, 0, 
2042, 2, eco1, 0, 6.4, 4.3, 16.87, 20.35, 1.04, -99, 12.83, -99, -99, -99, -99, -99, -99, -99, 0, 
2042, 3, eco1, 0, 7.35, 6.09, 19.22, 42.72, 0.95, -99, 12.61, -99, -99, -99, -99, -99, -99, -99, 0, 
2042, 4, eco1, 0, 5.07, 10.58, 23.24, 32.42, 0.94, -99, 9.65, -99, -99, -99, -99, -99, -99, -99, 0, 
2042, 5, eco1, 0, 59.58, 18.09, 27.48, 2341.69, 0.92, -99, 9.5, -99, -99, -99, -99, -99, -99, -99, 0, 
2042, 6, eco1, 0, 14.66, 19.5, 30.87, 404.71, 0.79, -99, 6.97, -99, -99, -99, -99, -99, -99, -99, 0, 
2042, 7, eco1, 0, 25.63, 21.22, 33.18, 554.97, 0.87, -99, 7.34, -99, -99, -99, -99, -99, -99, -99, 0, 
2042, 8, eco1, 0, 6.12, 16.99, 30.38, 10.24, 0.9, -99, 5.97, -99, -99, -99, -99, -99, -99, -99, 0, 
2042, 9, eco1, 0, 7.5, 15.68, 28.05, 18.61, 0.91, -99, 8.16, -99, -99, -99, -99, -99, -99, -99, 0, 
2042, 10, eco1, 0, 11.54, 9.32, 24.07, 13.82, 1.07, -99, 11.96, -99, -99, -99, -99, -99, -99, -99, 0, 
2042, 11, eco1, 0, 15.32, 3.59, 18.39, 23.64, 1.15, -99, 12.51, -99, -99, -99, -99, -99, -99, -99, 0, 
2042, 12, eco1, 0, 6.85, -1.1, 11.92, 4.26, 1.04, -99, 11.04, -99, -99, -99, -99, -99, -99, -99, 0, 
2041, 1, eco1, 0, 8.33, -0.39, 11.3, 13.48, 0.99, -99, 10.77, -99, -99, -99, -99, -99, -99, -99, 0, 
2041, 2, eco1, 0, 8.93, 1.51, 14.05, 30.59, 1.06, -99, 11.15, -99, -99, -99, -99, -99, -99, -99, 0, 
2041, 3, eco1, 0, 11.96, 2.99, 15.37, 29.69, 1.04, -99, 12.17, -99, -99, -99, -99, -99, -99, -99, 0, 
2041, 4, eco1, 0, 7.07, 10.76, 23.96, 10.56, 1.07, -99, 7.62, -99, -99, -99, -99, -99, -99, -99, 0, 
2041, 5, eco1, 0, 8.51, 15.18, 26.63, 14.23, 0.98, -99, 6.05, -99, -99, -99, -99, -99, -99, -99, 0, 
2041, 6, eco1, 0, 29.11, 19.54, 29.22, 139.19, 0.94, -99, 5.94, -99, -99, -99, -99, -99, -99, -99, 0, 
2041, 7, eco1, 0, 10.49, 20.47, 32.33, 89.26, 0.88, -99, 5.44, -99, -99, -99, -99, -99, -99, -99, 0, 
2041, 8, eco1, 0, 8.92, 19.2, 31.75, 25.15, 0.93, -99, 7.09, -99, -99, -99, -99, -99, -99, -99, 0, 
2041, 9, eco1, 0, 21.47, 15.91, 28.51, 92.57, 1.01, -99, 8.92, -99, -99, -99, -99, -99, -99, -99, 0, 
2041, 10, eco1, 0, 12.3, 8.22, 22.29, 23.42, 1.02, -99, 12.52, -99, -99, -99, -99, -99, -99, -99, 0, 
2041, 11, eco1, 0, 12.66, 5.73, 19.87, 29.81, 1.06, -99, 9.41, -99, -99, -99, -99, -99, -99, -99, 0, 
2041, 12, eco1, 0, 7.68, 1.52, 15.98, 18.06, 1.12, -99, 10.89, -99, -99, -99, -99, -99, -99, -99, 0, 
2040, 1, eco1, 0, 7.33, -3.52, 7.89, 26.17, 0.98, -99, 13.77, -99, -99, -99, -99, -99, -99, -99, 0, 
2040, 2, eco1, 0, 5.56, 0.92, 13.72, 8.03, 1.09, -99, 11.94, -99, -99, -99, -99, -99, -99, -99, 0, 
2040, 3, eco1, 0, 11.62, 3.57, 17.19, 30.92, 1.12, -99, 9.73, -99, -99, -99, -99, -99, -99, -99, 0, 
2040, 4, eco1, 0, 9.85, 12.37, 24.66, 52.66, 1.04, -99, 8.03, -99, -99, -99, -99, -99, -99, -99, 0, 
2040, 5, eco1, 0, 5.56, 17.74, 30.33, 14.13, 0.91, -99, 7.54, -99, -99, -99, -99, -99, -99, -99, 0, 
2040, 6, eco1, 0, 8.88, 20.36, 32.87, 534.95, 0.85, -99, 6.63, -99, -99, -99, -99, -99, -99, -99, 0, 
2040, 7, eco1, 0, 16.59, 21.49, 32.53, 117.69, 0.85, -99, 6.5, -99, -99, -99, -99, -99, -99, -99, 0, 
2040, 8, eco1, 0, 16.17, 18.38, 29.82, 38.42, 1.03, -99, 7.1, -99, -99, -99, -99, -99, -99, -99, 0, 
2040, 9, eco1, 0, 11.99, 15.07, 27.87, 36.56, 1.07, -99, 8.39, -99, -99, -99, -99, -99, -99, -99, 0, 
2040, 10, eco1, 0, 3.36, 7.69, 23.1, 4.43, 1.11, -99, 9.4, -99, -99, -99, -99, -99, -99, -99, 0, 
2040, 11, eco1, 0, 17, 4.04, 17.87, 36.89, 1.2, -99, 12.17, -99, -99, -99, -99, -99, -99, -99, 0, 
2040, 12, eco1, 0, 8.11, 0.03, 13.68, 4.19, 1.09, -99, 13.79, -99, -99, -99, -99, -99, -99, -99, 0, 
2039, 1, eco1, 0, 9.92, -1.33, 9.99, 4.78, 1.07, -99, 13.07, -99, -99, -99, -99, -99, -99, -99, 0, 
2039, 2, eco1, 0, 7.28, 3.81, 17.28, 6.39, 1.04, -99, 9.22, -99, -99, -99, -99, -99, -99, -99, 0, 
2039, 3, eco1, 0, 8.45, 4.53, 18.25, 9.21, 1.05, -99, 9.1, -99, -99, -99, -99, -99, -99, -99, 0, 
2039, 4, eco1, 0, 16.3, 10.48, 22.84, 91.86, 1.02, -99, 10.43, -99, -99, -99, -99, -99, -99, -99, 0, 
2039, 5, eco1, 0, 20.76, 19.37, 29.64, 44.16, 0.99, -99, 7, -99, -99, -99, -99, -99, -99, -99, 0, 
2039, 6, eco1, 0, 12.49, 21.47, 33.03, 138.36, 0.89, -99, 7.3, -99, -99, -99, -99, -99, -99, -99, 0, 
2039, 7, eco1, 0, 11.76, 21.52, 32.69, 39.82, 0.81, -99, 7.02, -99, -99, -99, -99, -99, -99, -99, 0, 
2039, 8, eco1, 0, 7.85, 17.38, 30.17, 35.32, 0.91, -99, 7.12, -99, -99, -99, -99, -99, -99, -99, 0, 
2039, 9, eco1, 0, 21.97, 15.21, 27.46, 101.79, 1.09, -99, 9.96, -99, -99, -99, -99, -99, -99, -99, 0, 
2039, 10, eco1, 0, 4.91, 7.5, 21.16, 9.72, 0.99, -99, 12.08, -99, -99, -99, -99, -99, -99, -99, 0, 
2039, 11, eco1, 0, 13.37, 3.81, 16.81, 20.74, 1.03, -99, 11.47, -99, -99, -99, -99, -99, -99, -99, 0, 
2039, 12, eco1, 0, 9.39, 2.57, 14.95, 15.46, 0.91, -99, 11.51, -99, -99, -99, -99, -99, -99, -99, 0, 
2038, 1, eco1, 0, 12.37, -0.44, 10.31, 15.54, 1.02, -99, 13.81, -99, -99, -99, -99, -99, -99, -99, 0, 
2038, 2, eco1, 0, 11.24, 2.37, 13.66, 9.84, 1.11, -99, 11.3, -99, -99, -99, -99, -99, -99, -99, 0, 
2038, 3, eco1, 0, 8.83, 2.42, 15.69, 6.45, 0.94, -99, 11.88, -99, -99, -99, -99, -99, -99, -99, 0, 
2038, 4, eco1, 0, 8.49, 10.25, 23.76, 23.54, 1.13, -99, 9.82, -99, -99, -99, -99, -99, -99, -99, 0, 
2038, 5, eco1, 0, 16.33, 17.54, 28.77, 66.48, 1.02, -99, 7.51, -99, -99, -99, -99, -99, -99, -99, 0, 
2038, 6, eco1, 0, 9.34, 21.17, 33.49, 55.22, 0.98, -99, 8.09, -99, -99, -99, -99, -99, -99, -99, 0, 
2038, 7, eco1, 0, 9.67, 20.78, 33.7, 74.49, 1, -99, 5.9, -99, -99, -99, -99, -99, -99, -99, 0, 
2038, 8, eco1, 0, 11.76, 18.43, 31.06, 44.9, 1.11, -99, 8.05, -99, -99, -99, -99, -99, -99, -99, 0, 
2038, 9, eco1, 0, 6.93, 14.41, 28.94, 7.5, 0.96, -99, 8.07, -99, -99, -99, -99, -99, -99, -99, 0, 
2038, 10, eco1, 0, 4.94, 9.32, 24.22, 2.6, 0.96, -99, 12.96, -99, -99, -99, -99, -99, -99, -99, 0, 
2038, 11, eco1, 0, 9.51, 5.95, 20.42, 8.7, 1.11, -99, 10.48, -99, -99, -99, -99, -99, -99, -99, 0, 
2038, 12, eco1, 0, 9.7, -0.75, 12.4, 11.71, 1.17, -99, 10.41, -99, -99, -99, -99, -99, -99, -99, 0, 
2037, 1, eco1, 0, 9.85, -0.78, 11.31, 10.58, 1.14, -99, 12.51, -99, -99, -99, -99, -99, -99, -99, 0, 
2037, 2, eco1, 0, 5.7, -0.25, 11.79, 10.41, 1.04, -99, 12.98, -99, -99, -99, -99, -99, -99, -99, 0, 
2037, 3, eco1, 0, 8.73, 5.24, 19.13, 18.5, 1.1, -99, 9.56, -99, -99, -99, -99, -99, -99, -99, 0, 
2037, 4, eco1, 0, 15.26, 7.16, 19.87, 112.45, 1, -99, 10.15, -99, -99, -99, -99, -99, -99, -99, 0, 
2037, 5, eco1, 0, 15.64, 18.51, 29.23, 65.79, 1, -99, 8.92, -99, -99, -99, -99, -99, -99, -99, 0, 
2037, 6, eco1, 0, 6.3, 22.77, 35.06, 23.18, 0.9, -99, 6.58, -99, -99, -99, -99, -99, -99, -99, 0, 
2037, 7, eco1, 0, 26.52, 19.84, 31.57, 1020.03, 0.9, -99, 7.65, -99, -99, -99, -99, -99, -99, -99, 0, 
2037, 8, eco1, 0, 9.13, 17.88, 30.02, 24.37, 1.02, -99, 7.7, -99, -99, -99, -99, -99, -99, -99, 0, 
2037, 9, eco1, 0, 11.24, 15.19, 27.99, 33.02, 0.99, -99, 8.02, -99, -99, -99, -99, -99, -99, -99, 0, 
2037, 10, eco1, 0, 13.84, 8.51, 23.05, 24.54, 1.03, -99, 11.13, -99, -99, -99, -99, -99, -99, -99, 0, 
2037, 11, eco1, 0, 16.07, 5.84, 19.2, 10.28, 1.03, -99, 12.98, -99, -99, -99, -99, -99, -99, -99, 0, 
2037, 12, eco1, 0, 9.77, 0.27, 14.21, 11.57, 1.05, -99, 11.27, -99, -99, -99, -99, -99, -99, -99, 0, 
2036, 1, eco1, 0, 10.86, -1.41, 9.98, 11.16, 1.24, -99, 10.05, -99, -99, -99, -99, -99, -99, -99, 0, 
2036, 2, eco1, 0, 8.88, 1.4, 13.36, 9.14, 1.03, -99, 11.91, -99, -99, -99, -99, -99, -99, -99, 0, 
2036, 3, eco1, 0, 7.9, 4.44, 17.83, 25.32, 0.98, -99, 10.75, -99, -99, -99, -99, -99, -99, -99, 0, 
2036, 4, eco1, 0, 11.18, 7.75, 21.38, 20.5, 1.02, -99, 9.84, -99, -99, -99, -99, -99, -99, -99, 0, 
2036, 5, eco1, 0, 3.7, 15.45, 29.08, 6.86, 0.99, -99, 7.92, -99, -99, -99, -99, -99, -99, -99, 0, 
2036, 6, eco1, 0, 7.9, 19.52, 30.73, 29.25, 0.87, -99, 6.47, -99, -99, -99, -99, -99, -99, -99, 0, 
2036, 7, eco1, 0, 15.15, 19.12, 30.85, 150.46, 0.96, -99, 5.23, -99, -99, -99, -99, -99, -99, -99, 0, 
2036, 8, eco1, 0, 18.44, 18.6, 30.13, 165.5, 1.05, -99, 7.88, -99, -99, -99, -99, -99, -99, -99, 0, 
2036, 9, eco1, 0, 7.16, 13.27, 27.26, 14.91, 1.04, -99, 7.39, -99, -99, -99, -99, -99, -99, -99, 0, 
2036, 10, eco1, 0, 4.27, 9.55, 24.71, 6.59, 1.03, -99, 10.9, -99, -99, -99, -99, -99, -99, -99, 0, 
2036, 11, eco1, 0, 10.89, 3.94, 17.56, 31.66, 1.22, -99, 12.69, -99, -99, -99, -99, -99, -99, -99, 0, 
2036, 12, eco1, 0, 13.2, 1.86, 15.43, 60.18, 1.14, -99, 10.23, -99, -99, -99, -99, -99, -99, -99, 0, 
2035, 1, eco1, 0, 7.9, 2.35, 13.64, 18.25, 1.26, -99, 12.53, -99, -99, -99, -99, -99, -99, -99, 0, 
2035, 2, eco1, 0, 13.01, -0.72, 11.29, 18.12, 1.26, -99, 10.06, -99, -99, -99, -99, -99, -99, -99, 0, 
2035, 3, eco1, 0, 3.59, 6.45, 21.71, 3.73, 1.07, -99, 9.76, -99, -99, -99, -99, -99, -99, -99, 0, 
2035, 4, eco1, 0, 7.68, 12.33, 25.21, 11.2, 0.93, -99, 9.76, -99, -99, -99, -99, -99, -99, -99, 0, 
2035, 5, eco1, 0, 13.07, 14.53, 27.27, 52.14, 0.87, -99, 8.63, -99, -99, -99, -99, -99, -99, -99, 0, 
2035, 6, eco1, 0, 6.66, 20.68, 31.54, 18.06, 0.77, -99, 6.8, -99, -99, -99, -99, -99, -99, -99, 0, 
2035, 7, eco1, 0, 11.12, 21.94, 33.5, 132.2, 0.91, -99, 5.85, -99, -99, -99, -99, -99, -99, -99, 0, 
2035, 8, eco1, 0, 12.57, 17.87, 31.02, 28.12, 0.91, -99, 6.55, -99, -99, -99, -99, -99, -99, -99, 0, 
2035, 9, eco1, 0, 14.32, 13.95, 27.77, 42.15, 1.05, -99, 9.22, -99, -99, -99, -99, -99, -99, -99, 0, 
2035, 10, eco1, 0, 6.84, 9.63, 23.17, 38.63, 1.06, -99, 10.69, -99, -99, -99, -99, -99, -99, -99, 0, 
2035, 11, eco1, 0, 16.97, 2.28, 14.52, 49.23, 1.06, -99, 12.73, -99, -99, -99, -99, -99, -99, -99, 0, 
2035, 12, eco1, 0, 14.03, 0.23, 12.03, 8.63, 1.11, -99, 15.09, -99, -99, -99, -99, -99, -99, -99, 0, 
2034, 1, eco1, 0, 7.9, 1.45, 13.4, 6.81, 1.07, -99, 12.17, -99, -99, -99, -99, -99, -99, -99, 0, 
2034, 2, eco1, 0, 6.03, 3.54, 16.03, 21.43, 1.1, -99, 10.57, -99, -99, -99, -99, -99, -99, -99, 0, 
2034, 3, eco1, 0, 8.83, 2.56, 15.26, 6.03, 1.02, -99, 10.9, -99, -99, -99, -99, -99, -99, -99, 0, 
2034, 4, eco1, 0, 19.49, 8.93, 20.26, 88.56, 1.03, -99, 10.45, -99, -99, -99, -99, -99, -99, -99, 0, 
2034, 5, eco1, 0, 6.86, 15.04, 27.78, 28.51, 0.96, -99, 8.7, -99, -99, -99, -99, -99, -99, -99, 0, 
2034, 6, eco1, 0, 16.31, 18.99, 29.41, 203.34, 0.92, -99, 6.39, -99, -99, -99, -99, -99, -99, -99, 0, 
2034, 7, eco1, 0, 15.32, 19.77, 31.88, 174.73, 0.92, -99, 6.8, -99, -99, -99, -99, -99, -99, -99, 0, 
2034, 8, eco1, 0, 11.27, 17.66, 30.41, 32.22, 1, -99, 7.17, -99, -99, -99, -99, -99, -99, -99, 0, 
2034, 9, eco1, 0, 11.94, 14.57, 28.73, 23.55, 1.07, -99, 8.26, -99, -99, -99, -99, -99, -99, -99, 0, 
2034, 10, eco1, 0, 7.44, 9.37, 23.48, 119.57, 1.1, -99, 10.06, -99, -99, -99, -99, -99, -99, -99, 0, 
2034, 11, eco1, 0, 9.36, -1.04, 12.21, 33.91, 1.17, -99, 12.84, -99, -99, -99, -99, -99, -99, -99, 0, 
2034, 12, eco1, 0, 11.73, -0.58, 12.29, 12.6, 0.99, -99, 12.9, -99, -99, -99, -99, -99, -99, -99, 0, 
2033, 1, eco1, 0, 10.84, 0.44, 12.71, 15.79, 1.1, -99, 11.85, -99, -99, -99, -99, -99, -99, -99, 0, 
2033, 2, eco1, 0, 9.26, -0.33, 11.55, 7.26, 1.17, -99, 11.02, -99, -99, -99, -99, -99, -99, -99, 0, 
2033, 3, eco1, 0, 7.09, 9.55, 22.14, 22.05, 1.03, -99, 11.05, -99, -99, -99, -99, -99, -99, -99, 0, 
2033, 4, eco1, 0, 12.67, 12.11, 24.15, 18.5, 1.05, -99, 9.86, -99, -99, -99, -99, -99, -99, -99, 0, 
2033, 5, eco1, 0, 14.47, 16.12, 29.06, 112.13, 1.02, -99, 5.7, -99, -99, -99, -99, -99, -99, -99, 0, 
2033, 6, eco1, 0, 7.23, 20.49, 33.26, 15.26, 0.8, -99, 7.47, -99, -99, -99, -99, -99, -99, -99, 0, 
2033, 7, eco1, 0, 15.82, 22.1, 33.75, 86.63, 0.85, -99, 9.72, -99, -99, -99, -99, -99, -99, -99, 0, 
2033, 8, eco1, 0, 8.45, 16.63, 30.12, 148.35, 0.9, -99, 7.66, -99, -99, -99, -99, -99, -99, -99, 0, 
2033, 9, eco1, 0, 6.3, 14.68, 28.03, 35.84, 0.93, -99, 9, -99, -99, -99, -99, -99, -99, -99, 0, 
2033, 10, eco1, 0, 11.93, 7.99, 22.07, 10.73, 1.02, -99, 9.99, -99, -99, -99, -99, -99, -99, -99, 0, 
2033, 11, eco1, 0, 11.53, 5.92, 20.08, 5.27, 0.92, -99, 13.29, -99, -99, -99, -99, -99, -99, -99, 0, 
2033, 12, eco1, 0, 11.18, 1.33, 14.04, 112.99, 1.01, -99, 10.81, -99, -99, -99, -99, -99, -99, -99, 0, 
2032, 1, eco1, 0, 9.85, -1.73, 11.62, 42.28, 1.07, -99, 11.93, -99, -99, -99, -99, -99, -99, -99, 0, 
2032, 2, eco1, 0, 4.9, 0.44, 12.76, 15.04, 0.96, -99, 11.47, -99, -99, -99, -99, -99, -99, -99, 0, 
2032, 3, eco1, 0, 9.18, 3.39, 16.77, 12.46, 1.09, -99, 10.98, -99, -99, -99, -99, -99, -99, -99, 0, 
2032, 4, eco1, 0, 16.48, 11.24, 24.78, 42.22, 1.04, -99, 7.92, -99, -99, -99, -99, -99, -99, -99, 0, 
2032, 5, eco1, 0, 7.39, 16.91, 28.84, 16.12, 1.02, -99, 8.04, -99, -99, -99, -99, -99, -99, -99, 0, 
2032, 6, eco1, 0, 17.16, 19.55, 29.89, 81.22, 0.94, -99, 6.5, -99, -99, -99, -99, -99, -99, -99, 0, 
2032, 7, eco1, 0, 14.69, 19.9, 31.76, 97.23, 1.05, -99, 6.55, -99, -99, -99, -99, -99, -99, -99, 0, 
2032, 8, eco1, 0, 7.43, 17.81, 30.61, 43.38, 1, -99, 8.07, -99, -99, -99, -99, -99, -99, -99, 0, 
2032, 9, eco1, 0, 9.72, 13.94, 26.63, 12.66, 1.04, -99, 11.02, -99, -99, -99, -99, -99, -99, -99, 0, 
2032, 10, eco1, 0, 9.31, 10.02, 24.1, 17.47, 1.13, -99, 12.75, -99, -99, -99, -99, -99, -99, -99, 0, 
2032, 11, eco1, 0, 11.38, 5.04, 18.59, 10.65, 1.13, -99, 11.84, -99, -99, -99, -99, -99, -99, -99, 0, 
2032, 12, eco1, 0, 12.7, 4.47, 17.71, 49.22, 1.21, -99, 12.98, -99, -99, -99, -99, -99, -99, -99, 0, 
2031, 1, eco1, 0, 9.83, -0.45, 11.59, 5.92, 0.96, -99, 13.64, -99, -99, -99, -99, -99, -99, -99, 0, 
2031, 2, eco1, 0, 10.63, 4.43, 16.61, 4.8, 1.15, -99, 12.4, -99, -99, -99, -99, -99, -99, -99, 0, 
2031, 3, eco1, 0, 8.47, 8.3, 22.21, 28.79, 1.13, -99, 10.51, -99, -99, -99, -99, -99, -99, -99, 0, 
2031, 4, eco1, 0, 7.68, 9.63, 24.31, 46.97, 1, -99, 8.91, -99, -99, -99, -99, -99, -99, -99, 0, 
2031, 5, eco1, 0, 7.42, 16.91, 29.79, 22.59, 1, -99, 8.19, -99, -99, -99, -99, -99, -99, -99, 0, 
2031, 6, eco1, 0, 9.99, 19.17, 31.63, 59.28, 0.85, -99, 5.35, -99, -99, -99, -99, -99, -99, -99, 0, 
2031, 7, eco1, 0, 10.1, 20.39, 32.47, 55.28, 0.9, -99, 7.34, -99, -99, -99, -99, -99, -99, -99, 0, 
2031, 8, eco1, 0, 13.47, 16.8, 30.64, 95.39, 1.07, -99, 7.09, -99, -99, -99, -99, -99, -99, -99, 0, 
2031, 9, eco1, 0, 3.41, 15.04, 28.66, 7.61, 0.97, -99, 9.18, -99, -99, -99, -99, -99, -99, -99, 0, 
2031, 10, eco1, 0, 8.98, 7.86, 21.54, 38.56, 0.94, -99, 11.5, -99, -99, -99, -99, -99, -99, -99, 0, 
2031, 11, eco1, 0, 20.5, 4.04, 17.21, 16.38, 1.05, -99, 12.14, -99, -99, -99, -99, -99, -99, -99, 0, 
2031, 12, eco1, 0, 8.64, -1.92, 9.79, 12.07, 1.04, -99, 15.45, -99, -99, -99, -99, -99, -99, -99, 0, 
2030, 1, eco1, 0, 13.24, -0.32, 12.63, 37.49, 1.12, -99, 11.13, -99, -99, -99, -99, -99, -99, -99, 0, 
2030, 2, eco1, 0, 10.95, 0.58, 13.78, 46.7, 1.11, -99, 14.07, -99, -99, -99, -99, -99, -99, -99, 0, 
2030, 3, eco1, 0, 13.49, 2.28, 14.99, 22.76, 1.04, -99, 10.57, -99, -99, -99, -99, -99, -99, -99, 0, 
2030, 4, eco1, 0, 4.58, 11.41, 25.32, 7.52, 0.95, -99, 7.3, -99, -99, -99, -99, -99, -99, -99, 0, 
2030, 5, eco1, 0, 16.5, 14.91, 26.92, 106.35, 1.01, -99, 6.25, -99, -99, -99, -99, -99, -99, -99, 0, 
2030, 6, eco1, 0, 19.48, 20.41, 30.74, 305.58, 0.9, -99, 7.08, -99, -99, -99, -99, -99, -99, -99, 0, 
2030, 7, eco1, 0, 12.61, 20.65, 31.35, 93.62, 0.78, -99, 7.63, -99, -99, -99, -99, -99, -99, -99, 0, 
2030, 8, eco1, 0, 13.54, 19.01, 32.16, 33.29, 0.86, -99, 6.91, -99, -99, -99, -99, -99, -99, -99, 0, 
2030, 9, eco1, 0, 9.86, 14.45, 27.78, 20.27, 1, -99, 8.1, -99, -99, -99, -99, -99, -99, -99, 0, 
2030, 10, eco1, 0, 8.22, 11.74, 27.14, 18.01, 0.95, -99, 9.71, -99, -99, -99, -99, -99, -99, -99, 0, 
2030, 11, eco1, 0, 9.69, 5.33, 19.05, 7.9, 1.22, -99, 11.78, -99, -99, -99, -99, -99, -99, -99, 0, 
2030, 12, eco1, 0, 4.64, -0.99, 11.56, 8.12, 1.08, -99, 13.88, -99, -99, -99, -99, -99, -99, -99, 0, 
2029, 1, eco1, 0, 8.82, 0.22, 11.82, 4.85, 1.02, -99, 13.33, -99, -99, -99, -99, -99, -99, -99, 0, 
2029, 2, eco1, 0, 9.28, 2.94, 14.73, 9.6, 1.1, -99, 12.44, -99, -99, -99, -99, -99, -99, -99, 0, 
2029, 3, eco1, 0, 6.55, 5.81, 19.79, 7.54, 1.02, -99, 10.38, -99, -99, -99, -99, -99, -99, -99, 0, 
2029, 4, eco1, 0, 6.69, 11.1, 25.86, 81.57, 0.95, -99, 8.82, -99, -99, -99, -99, -99, -99, -99, 0, 
2029, 5, eco1, 0, 5.64, 16.63, 29.03, 46.99, 1.01, -99, 9.42, -99, -99, -99, -99, -99, -99, -99, 0, 
2029, 6, eco1, 0, 9.82, 18.63, 31.8, 72.69, 0.94, -99, 5.98, -99, -99, -99, -99, -99, -99, -99, 0, 
2029, 7, eco1, 0, 18.61, 20.37, 32.2, 53.69, 0.98, -99, 7.42, -99, -99, -99, -99, -99, -99, -99, 0, 
2029, 8, eco1, 0, 7.65, 17.3, 30.51, 11.06, 0.96, -99, 7.01, -99, -99, -99, -99, -99, -99, -99, 0, 
2029, 9, eco1, 0, 8.69, 13.09, 26.91, 30.23, 1.08, -99, 8.54, -99, -99, -99, -99, -99, -99, -99, 0, 
2029, 10, eco1, 0, 9.1, 8.17, 23.1, 17.52, 1.08, -99, 10.17, -99, -99, -99, -99, -99, -99, -99, 0, 
2029, 11, eco1, 0, 15.59, 2.1, 15.9, 12.9, 1.18, -99, 12.29, -99, -99, -99, -99, -99, -99, -99, 0, 
2029, 12, eco1, 0, 8.69, -0.19, 13.11, 19.91, 1.17, -99, 12.04, -99, -99, -99, -99, -99, -99, -99, 0, 
2028, 1, eco1, 0, 3.13, -2.36, 9.62, 13.6, 1.1, -99, 12.17, -99, -99, -99, -99, -99, -99, -99, 0, 
2028, 2, eco1, 0, 11.04, 0.1, 13.37, 7.34, 1.18, -99, 12.09, -99, -99, -99, -99, -99, -99, -99, 0, 
2028, 3, eco1, 0, 8.78, 8.93, 21.68, 8.44, 1.16, -99, 10.1, -99, -99, -99, -99, -99, -99, -99, 0, 
2028, 4, eco1, 0, 10.77, 11.38, 24.71, 93.34, 1.15, -99, 8.85, -99, -99, -99, -99, -99, -99, -99, 0, 
2028, 5, eco1, 0, 1.8, 16.25, 30.67, 1.58, 1.05, -99, 5.99, -99, -99, -99, -99, -99, -99, -99, 0, 
2028, 6, eco1, 0, 11.52, 21.85, 34.24, 59.47, 0.89, -99, 7.05, -99, -99, -99, -99, -99, -99, -99, 0, 
2028, 7, eco1, 0, 8.1, 21.54, 33.18, 20, 0.85, -99, 8.36, -99, -99, -99, -99, -99, -99, -99, 0, 
2028, 8, eco1, 0, 12.71, 19.86, 32.71, 48.25, 0.95, -99, 8.05, -99, -99, -99, -99, -99, -99, -99, 0, 
2028, 9, eco1, 0, 11.18, 13.92, 27.13, 36.52, 0.92, -99, 8.92, -99, -99, -99, -99, -99, -99, -99, 0, 
2028, 10, eco1, 0, 5.24, 10.59, 26.32, 8.84, 0.94, -99, 11.3, -99, -99, -99, -99, -99, -99, -99, 0, 
2028, 11, eco1, 0, 8.67, 4.87, 20.18, 5.98, 1.04, -99, 12.05, -99, -99, -99, -99, -99, -99, -99, 0, 
2028, 12, eco1, 0, 8.34, 1.39, 14.39, 9.7, 1.17, -99, 11.81, -99, -99, -99, -99, -99, -99, -99, 0, 
2027, 1, eco1, 0, 12.9, 0.75, 12.84, 21.52, 1.08, -99, 11.84, -99, -99, -99, -99, -99, -99, -99, 0, 
2027, 2, eco1, 0, 13.35, 3.37, 16.19, 9.63, 1.21, -99, 11.67, -99, -99, -99, -99, -99, -99, -99, 0, 
2027, 3, eco1, 0, 4.04, 3.25, 18.5, 2.92, 1.06, -99, 9.47, -99, -99, -99, -99, -99, -99, -99, 0, 
2027, 4, eco1, 0, 11.72, 13.07, 26.37, 65.42, 1.01, -99, 10.31, -99, -99, -99, -99, -99, -99, -99, 0, 
2027, 5, eco1, 0, 2.41, 18.24, 32.08, 3.81, 1.02, -99, 6.69, -99, -99, -99, -99, -99, -99, -99, 0, 
2027, 6, eco1, 0, 8.84, 22.27, 35.66, 34.55, 0.9, -99, 7.81, -99, -99, -99, -99, -99, -99, -99, 0, 
2027, 7, eco1, 0, 4.7, 21.15, 35.29, 11.14, 0.96, -99, 7.29, -99, -99, -99, -99, -99, -99, -99, 0, 
2027, 8, eco1, 0, 7.33, 18.97, 32.48, 62.9, 1.02, -99, 7.96, -99, -99, -99, -99, -99, -99, -99, 0, 
2027, 9, eco1, 0, 1.67, 12, 27.91, 3.97, 0.93, -99, 8.2, -99, -99, -99, -99, -99, -99, -99, 0, 
2027, 10, eco1, 0, 8.36, 8.97, 22.35, 13.31, 0.87, -99, 11.91, -99, -99, -99, -99, -99, -99, -99, 0, 
2027, 11, eco1, 0, 4.9, 1.87, 15.66, 2.84, 1.03, -99, 10.23, -99, -99, -99, -99, -99, -99, -99, 0, 
2027, 12, eco1, 0, 4.11, -1.68, 10.72, 9.06, 1.02, -99, 10.73, -99, -99, -99, -99, -99, -99, -99, 0, 
2026, 1, eco1, 0, 11.03, -2.1, 9.27, 18.21, 0.93, -99, 12.56, -99, -99, -99, -99, -99, -99, -99, 0, 
2026, 2, eco1, 0, 6.09, 1.67, 12.56, 8.11, 1.02, -99, 11.8, -99, -99, -99, -99, -99, -99, -99, 0, 
2026, 3, eco1, 0, 19.13, 12.23, 20.92, 44.52, 0.95, -99, 11.24, -99, -99, -99, -99, -99, -99, -99, 0, 
2026, 4, eco1, 0, 10.7, 7.91, 21.22, 151.77, 1.01, -99, 7.49, -99, -99, -99, -99, -99, -99, -99, 0, 
2026, 5, eco1, 0, 16.77, 16.21, 28.06, 90.96, 1.07, -99, 6.5, -99, -99, -99, -99, -99, -99, -99, 0, 
2026, 6, eco1, 0, 31.33, 20.69, 32.41, 256, 0.97, -99, 6.69, -99, -99, -99, -99, -99, -99, -99, 0, 
2026, 7, eco1, 0, 11.98, 20.63, 32.36, 82.55, 0.94, -99, 7.04, -99, -99, -99, -99, -99, -99, -99, 0, 
2026, 8, eco1, 0, 14.24, 19.21, 32.02, 21.09, 1.09, -99, 7.56, -99, -99, -99, -99, -99, -99, -99, 0, 
2026, 9, eco1, 0, 8.71, 14.1, 28.46, 15.37, 0.94, -99, 8.95, -99, -99, -99, -99, -99, -99, -99, 0, 
2026, 10, eco1, 0, 0.44, 5.36, 21.7, 0.53, 1.03, -99, 10.02, -99, -99, -99, -99, -99, -99, -99, 0, 
2026, 11, eco1, 0, 13.54, 5.49, 19.24, 31.56, 1.17, -99, 11.97, -99, -99, -99, -99, -99, -99, -99, 0, 
2026, 12, eco1, 0, 9.88, 0.06, 12.96, 15.3, 1.22, -99, 11.31, -99, -99, -99, -99, -99, -99, -99, 0, 
2025, 1, eco1, 0, 4.21, -0.25, 13.08, 1.82, 1.02, -99, 11.01, -99, -99, -99, -99, -99, -99, -99, 0, 
2025, 2, eco1, 0, 7.3, 2.01, 13.64, 10.38, 0.98, -99, 10.32, -99, -99, -99, -99, -99, -99, -99, 0, 
2025, 3, eco1, 0, 6.23, 5.46, 19.61, 13.2, 1.16, -99, 9.63, -99, -99, -99, -99, -99, -99, -99, 0, 
2025, 4, eco1, 0, 10.72, 10.67, 23.86, 91.63, 1.1, -99, 9.21, -99, -99, -99, -99, -99, -99, -99, 0, 
2025, 5, eco1, 0, 7.95, 17.76, 29.71, 43.36, 0.94, -99, 6.2, -99, -99, -99, -99, -99, -99, -99, 0, 
2025, 6, eco1, 0, 18.44, 20.16, 31.12, 67.17, 0.85, -99, 7.02, -99, -99, -99, -99, -99, -99, -99, 0, 
2025, 7, eco1, 0, 11.84, 20.5, 34.02, 79.91, 0.99, -99, 7.36, -99, -99, -99, -99, -99, -99, -99, 0, 
2025, 8, eco1, 0, 5.57, 18.29, 31.48, 13.96, 0.95, -99, 7.76, -99, -99, -99, -99, -99, -99, -99, 0, 
2025, 9, eco1, 0, 9.79, 12.79, 26.42, 14.26, 1, -99, 9.34, -99, -99, -99, -99, -99, -99, -99, 0, 
2025, 10, eco1, 0, 15.91, 8.37, 22.15, 96.93, 1.05, -99, 11.55, -99, -99, -99, -99, -99, -99, -99, 0, 
2025, 11, eco1, 0, 6.33, 5.45, 20.18, 6.68, 1.11, -99, 10.72, -99, -99, -99, -99, -99, -99, -99, 0, 
2025, 12, eco1, 0, 8.14, 5.6, 19.18, 10.28, 1.18, -99, 10.66, -99, -99, -99, -99, -99, -99, -99, 0, 
2024, 1, eco1, 0, 11.86, 0.47, 12.4, 13.71, 1.24, -99, 13.03, -99, -99, -99, -99, -99, -99, -99, 0, 
2024, 2, eco1, 0, 11.62, 2.98, 15.84, 6.79, 1.22, -99, 12.23, -99, -99, -99, -99, -99, -99, -99, 0, 
2024, 3, eco1, 0, 12.32, 7.01, 20.2, 86.26, 1.08, -99, 10.23, -99, -99, -99, -99, -99, -99, -99, 0, 
2024, 4, eco1, 0, 11.02, 7.75, 20.58, 20.42, 1.02, -99, 10.65, -99, -99, -99, -99, -99, -99, -99, 0, 
2024, 5, eco1, 0, 9.11, 16.91, 28.37, 47.25, 0.91, -99, 6.65, -99, -99, -99, -99, -99, -99, -99, 0, 
2024, 6, eco1, 0, 18.27, 20.53, 30.64, 196.08, 0.85, -99, 6.78, -99, -99, -99, -99, -99, -99, -99, 0, 
2024, 7, eco1, 0, 22.94, 21.24, 31.93, 288.52, 0.93, -99, 7.13, -99, -99, -99, -99, -99, -99, -99, 0, 
2024, 8, eco1, 0, 6.94, 18.01, 29.96, 21.36, 0.89, -99, 6.98, -99, -99, -99, -99, -99, -99, -99, 0, 
2024, 9, eco1, 0, 16.65, 10.75, 23.26, 58.29, 1.06, -99, 10.18, -99, -99, -99, -99, -99, -99, -99, 0, 
2024, 10, eco1, 0, 14.68, 4.11, 17.23, 34.83, 1.2, -99, 11.66, -99, -99, -99, -99, -99, -99, -99, 0, 
2024, 11, eco1, 0, 13.74, 1.73, 14.98, 25.64, 1.23, -99, 10.98, -99, -99, -99, -99, -99, -99, -99, 0, 
2024, 12, eco1, 0, 12.13, 2.26, 15.22, 29.06, 1.3, -99, 13, -99, -99, -99, -99, -99, -99, -99, 0, 
2023, 1, eco1, 0, 16.43, -2.07, 8.48, 28.09, 1.25, -99, 12.83, -99, -99, -99, -99, -99, -99, -99, 0, 
2023, 2, eco1, 0, 11.5, -2.52, 9.92, 10.96, 1.2, -99, 11.39, -99, -99, -99, -99, -99, -99, -99, 0, 
2023, 3, eco1, 0, 11.22, 5.92, 18.61, 31.43, 1.23, -99, 10.37, -99, -99, -99, -99, -99, -99, -99, 0, 
2023, 4, eco1, 0, 8.92, 8.63, 23.06, 40.11, 0.91, -99, 7.35, -99, -99, -99, -99, -99, -99, -99, 0, 
2023, 5, eco1, 0, 34.46, 17.4, 27.42, 310.82, 1.12, -99, 9.15, -99, -99, -99, -99, -99, -99, -99, 0, 
2023, 6, eco1, 0, 9.56, 19.94, 33.17, 17.36, 0.93, -99, 5.04, -99, -99, -99, -99, -99, -99, -99, 0, 
2023, 7, eco1, 0, 13.85, 21.29, 34.01, 61.52, 0.99, -99, 7.45, -99, -99, -99, -99, -99, -99, -99, 0, 
2023, 8, eco1, 0, 4.88, 17.02, 31.03, 8.85, 0.94, -99, 7.11, -99, -99, -99, -99, -99, -99, -99, 0, 
2023, 9, eco1, 0, 4.71, 14.63, 28.66, 6.07, 0.98, -99, 8.66, -99, -99, -99, -99, -99, -99, -99, 0, 
2023, 10, eco1, 0, 9.49, 9.77, 24.65, 7.97, 1, -99, 10.37, -99, -99, -99, -99, -99, -99, -99, 0, 
2023, 11, eco1, 0, 9.27, 2.96, 17.24, 14.03, 1.1, -99, 11.53, -99, -99, -99, -99, -99, -99, -99, 0, 
2023, 12, eco1, 0, 7.21, -3.76, 8.01, 20.87, 1.15, -99, 11.05, -99, -99, -99, -99, -99, -99, -99, 0, 
2022, 1, eco1, 0, 9.39, 3.38, 16.63, 8.54, 1.1, -99, 12.78, -99, -99, -99, -99, -99, -99, -99, 0, 
2022, 2, eco1, 0, 7.5, 1.13, 14.71, 6.79, 1.21, -99, 10.98, -99, -99, -99, -99, -99, -99, -99, 0, 
2022, 3, eco1, 0, 15.55, 3.23, 16.86, 47.23, 1.13, -99, 10.16, -99, -99, -99, -99, -99, -99, -99, 0, 
2022, 4, eco1, 0, 24.68, 10.06, 22.59, 152.59, 0.97, -99, 10.23, -99, -99, -99, -99, -99, -99, -99, 0, 
2022, 5, eco1, 0, 6.52, 15.44, 29.22, 32.79, 1.08, -99, 7.01, -99, -99, -99, -99, -99, -99, -99, 0, 
2022, 6, eco1, 0, 11.34, 19.27, 31.17, 29.44, 1.02, -99, 7.03, -99, -99, -99, -99, -99, -99, -99, 0, 
2022, 7, eco1, 0, 12.45, 20.5, 32.07, 95.34, 1.07, -99, 7.51, -99, -99, -99, -99, -99, -99, -99, 0, 
2022, 8, eco1, 0, 12.01, 17.99, 30.66, 29.6, 0.97, -99, 7, -99, -99, -99, -99, -99, -99, -99, 0, 
2022, 9, eco1, 0, 5.87, 15.38, 28.66, 6.57, 0.88, -99, 8.89, -99, -99, -99, -99, -99, -99, -99, 0, 
2022, 10, eco1, 0, 6.95, 8.55, 21.33, 9.06, 1.07, -99, 10.78, -99, -99, -99, -99, -99, -99, -99, 0, 
2022, 11, eco1, 0, 12.71, 2.08, 15.85, 19.29, 1.07, -99, 13.03, -99, -99, -99, -99, -99, -99, -99, 0, 
2022, 12, eco1, 0, 9.26, 1.47, 15.42, 35.5, 1.07, -99, 11.94, -99, -99, -99, -99, -99, -99, -99, 0, 
2021, 1, eco1, 0, 6.85, 1.09, 12.64, 4.21, 1.15, -99, 12.82, -99, -99, -99, -99, -99, -99, -99, 0, 
2021, 2, eco1, 0, 11.38, -0.92, 12.04, 48.13, 1.18, -99, 11.3, -99, -99, -99, -99, -99, -99, -99, 0, 
2021, 3, eco1, 0, 3.04, 1.96, 18.21, 3.84, 1.07, -99, 10.27, -99, -99, -99, -99, -99, -99, -99, 0, 
2021, 4, eco1, 0, 8.24, 9.99, 24.63, 26.56, 0.96, -99, 8.1, -99, -99, -99, -99, -99, -99, -99, 0, 
2021, 5, eco1, 0, 7.47, 17.24, 30.57, 84.24, 0.99, -99, 5.81, -99, -99, -99, -99, -99, -99, -99, 0, 
2021, 6, eco1, 0, 8.11, 20.6, 33.15, 36.66, 0.95, -99, 6.13, -99, -99, -99, -99, -99, -99, -99, 0, 
2021, 7, eco1, 0, 16.93, 20.54, 32.93, 94.22, 1.13, -99, 6.59, -99, -99, -99, -99, -99, -99, -99, 0, 
2021, 8, eco1, 0, 9.93, 18.98, 32.08, 19.71, 1.09, -99, 7.19, -99, -99, -99, -99, -99, -99, -99, 0, 
2021, 9, eco1, 0, 5.38, 14.87, 29.62, 6.67, 1.03, -99, 9.71, -99, -99, -99, -99, -99, -99, -99, 0, 
2021, 10, eco1, 0, 5.65, 7.84, 22.3, 18.45, 1.06, -99, 11.84, -99, -99, -99, -99, -99, -99, -99, 0, 
2021, 11, eco1, 0, 19.2, 2.9, 16.39, 39.62, 1.12, -99, 13.16, -99, -99, -99, -99, -99, -99, -99, 0, 
2021, 12, eco1, 0, 8.85, 0.9, 13.29, 13.07, 1.05, -99, 11.65, -99, -99, -99, -99, -99, -99, -99, 0, 
2020, 1, eco1, 0, 11, 4.55, 16.23, 22.64, 1.19, -99, 10.8, -99, -99, -99, -99, -99, -99, -99, 0, 
2020, 2, eco1, 0, 19.66, 3.42, 15.2, 54.68, 1.15, -99, 11.72, -99, -99, -99, -99, -99, -99, -99, 0, 
2020, 3, eco1, 0, 9.23, 5.61, 19.38, 8.52, 0.99, -99, 11.37, -99, -99, -99, -99, -99, -99, -99, 0, 
2020, 4, eco1, 0, 6.08, 10.59, 24.38, 10.42, 1.09, -99, 8.1, -99, -99, -99, -99, -99, -99, -99, 0, 
2020, 5, eco1, 0, 18.56, 14.72, 27.19, 172.28, 0.94, -99, 7.24, -99, -99, -99, -99, -99, -99, -99, 0, 
2020, 6, eco1, 0, 8.61, 18.8, 32.85, 40.99, 0.9, -99, 6.71, -99, -99, -99, -99, -99, -99, -99, 0, 
2020, 7, eco1, 0, 14.09, 20.26, 31.94, 95.9, 0.85, -99, 7.45, -99, -99, -99, -99, -99, -99, -99, 0, 
2020, 8, eco1, 0, 11.4, 16.78, 31.03, 125.72, 1.01, -99, 7.41, -99, -99, -99, -99, -99, -99, -99, 0, 
2020, 9, eco1, 0, 8.63, 12.35, 25.13, 31.53, 0.98, -99, 11.01, -99, -99, -99, -99, -99, -99, -99, 0, 
2020, 10, eco1, 0, 16.04, 5.41, 19.23, 29.98, 1.1, -99, 11.18, -99, -99, -99, -99, -99, -99, -99, 0, 
2020, 11, eco1, 0, 7.75, 0.27, 13.56, 7.01, 1, -99, 11.79, -99, -99, -99, -99, -99, -99, -99, 0, 
2020, 12, eco1, 0, 6.46, 2.55, 15.86, 13.27, 0.99, -99, 11.9, -99, -99, -99, -99, -99, -99, -99, 0, 
2019, 1, eco1, 0, 8.47, -1.09, 10.91, 27.71, 0.98, -99, 12.05, -99, -99, -99, -99, -99, -99, -99, 0, 
2019, 2, eco1, 0, 14.98, 2.2, 14.13, 15.11, 1.14, -99, 11.59, -99, -99, -99, -99, -99, -99, -99, 0, 
2019, 3, eco1, 0, 11.16, 4.31, 17.64, 48.39, 1.17, -99, 9.45, -99, -99, -99, -99, -99, -99, -99, 0, 
2019, 4, eco1, 0, 1.69, 7.71, 23.7, 1.85, 1.09, -99, 8.84, -99, -99, -99, -99, -99, -99, -99, 0, 
2019, 5, eco1, 0, 17.2, 16.74, 28.22, 76.7, 1.04, -99, 7.36, -99, -99, -99, -99, -99, -99, -99, 0, 
2019, 6, eco1, 0, 6.89, 20.53, 31.64, 30.82, 0.83, -99, 4.54, -99, -99, -99, -99, -99, -99, -99, 0, 
2019, 7, eco1, 0, 9.9, 20.78, 32.53, 35.68, 0.88, -99, 6.37, -99, -99, -99, -99, -99, -99, -99, 0, 
2019, 8, eco1, 0, 16.35, 18.29, 28.74, 111.63, 0.87, -99, 8.29, -99, -99, -99, -99, -99, -99, -99, 0, 
2019, 9, eco1, 0, 16.3, 13.46, 25.62, 34.08, 1.08, -99, 11.31, -99, -99, -99, -99, -99, -99, -99, 0, 
2019, 10, eco1, 0, 14.5, 5.1, 19.76, 30.35, 1.14, -99, 12.03, -99, -99, -99, -99, -99, -99, -99, 0, 
2019, 11, eco1, 0, 14.97, 3.55, 17.18, 53.44, 1.13, -99, 12.04, -99, -99, -99, -99, -99, -99, -99, 0, 
2019, 12, eco1, 0, 5.64, -2.85, 9.64, 1.57, 1.11, -99, 13.59, -99, -99, -99, -99, -99, -99, -99, 0, 
